,type,start,end,time(s)
500_30_0,INVERSION,58,101,0.55916428565979
500_30_1,TRANSLOCATION,373,0,0.531851053237915
500_30_2,TRANSLOCATION,428,0,0.4973294734954834
500_30_3,TANDEM,358,201,0.5075428485870361
500_30_4,INVERSION,106,217,1.0025854110717773
500_35_0,TANDEM,447,297,0.5249245166778564
500_35_1,INVERSION,346,418,0.44843578338623047
500_35_2,TANDEM,184,50,0.6092562675476074
500_35_3,INVERSION,84,133,0.44347572326660156
500_35_4,TRANSLOCATION,381,0,0.6898148059844971
500_40_0,TRANSLOCATION,343,0,0.3606588840484619
500_40_1,INVERSION,324,311,0.36811113357543945
500_40_2,INVERSION,197,279,0.31420326232910156
500_40_3,INVERSION,500,500,0.3699460029602051
500_40_4,INVERSION,70,107,0.37604737281799316
500_45_0,INVERSION,77,235,0.36574697494506836
500_45_1,TRANSLOCATION,291,0,0.30901360511779785
500_45_2,INVERSION,113,119,0.2853395938873291
500_45_3,TRANSLOCATION,250,0,0.3428959846496582
500_45_4,INVERSION,500,500,0.3522942066192627
500_50_0,INVERSION,176,251,0.371021032333374
500_50_1,INVERSION,186,328,0.47658395767211914
500_50_2,INVERSION,164,226,0.3538696765899658
500_50_3,INVERSION,105,236,0.41400909423828125
500_50_4,INVERSION,239,276,0.4158618450164795
500_55_0,INVERSION,203,258,0.32831716537475586
500_55_1,INVERSION,193,335,0.3113110065460205
500_55_2,INVERSION,312,407,0.3838200569152832
500_55_3,TRANSLOCATION,238,0,0.26280736923217773
500_55_4,INVERSION,256,298,0.29924535751342773
500_60_0,INVERSION,178,210,0.3356454372406006
500_60_1,INVERSION,318,326,0.34179019927978516
500_60_2,INVERSION,346,380,0.3310823440551758
500_60_3,TRANSLOCATION,337,0,0.3486335277557373
500_60_4,INVERSION,169,312,0.3233366012573242
500_65_0,INVERSION,278,314,0.32097291946411133
500_65_1,INVERSION,180,239,0.30029749870300293
500_65_2,TRANSLOCATION,434,0,0.19762897491455078
500_65_3,INVERSION,157,269,0.29021549224853516
500_65_4,TRANSLOCATION,326,0,0.2633073329925537
500_70_0,TRANSLOCATION,272,0,0.2814927101135254
500_70_1,INVERSION,332,392,0.31592607498168945
500_70_2,INVERSION,295,368,0.2950751781463623
500_70_3,INVERSION,153,311,0.2459549903869629
500_70_4,TRANSLOCATION,331,0,0.2399141788482666
500_75_0,INVERSION,500,500,0.20371699333190918
500_75_1,INVERSION,113,260,0.2434389591217041
500_75_2,INVERSION,218,358,0.25882697105407715
500_75_3,TRANSLOCATION,287,0,0.2577786445617676
500_75_4,INVERSION,193,303,0.24538040161132812
600_30_0,TRANSLOCATION,135,0,0.5030534267425537
600_30_1,INVERSION,183,323,0.6856598854064941
600_30_2,TRANSLOCATION,379,0,0.509580135345459
600_30_3,INVERSION,265,473,0.8851661682128906
600_30_4,TRANSLOCATION,372,0,0.754249095916748
600_35_0,TANDEM,551,381,0.5245263576507568
600_35_1,TRANSLOCATION,431,0,0.5813875198364258
600_35_2,TRANSLOCATION,510,0,0.5210356712341309
600_35_3,INVERSION,219,358,0.578655481338501
600_35_4,INVERSION,276,426,0.7792389392852783
600_40_0,TRANSLOCATION,492,0,0.6380977630615234
600_40_1,INVERSION,366,452,0.4617431163787842
600_40_2,INVERSION,130,232,0.4560868740081787
600_40_3,TRANSLOCATION,507,0,0.39609265327453613
600_40_4,TRANSLOCATION,467,0,0.470717191696167
600_45_0,INVERSION,293,455,0.5989506244659424
600_45_1,TRANSLOCATION,485,0,0.7683897018432617
600_45_2,INVERSION,134,207,0.4719886779785156
600_45_3,INVERSION,162,247,0.3894951343536377
600_45_4,TRANSLOCATION,297,0,0.38310790061950684
600_50_0,TRANSLOCATION,372,0,0.481304407119751
600_50_1,TRANSLOCATION,210,0,0.3747696876525879
600_50_2,INVERSION,313,414,0.34981441497802734
600_50_3,INVERSION,307,363,0.39089250564575195
600_50_4,INVERSION,93,252,0.6289577484130859
600_55_0,TRANSLOCATION,455,0,0.29534220695495605
600_55_1,INVERSION,278,398,0.41516637802124023
600_55_2,INVERSION,264,436,0.4456453323364258
600_55_3,INVERSION,144,254,0.4154207706451416
600_55_4,TRANSLOCATION,298,0,0.34790992736816406
600_60_0,INVERSION,391,485,0.2674524784088135
600_60_1,INVERSION,182,235,0.4206504821777344
600_60_2,TRANSLOCATION,308,0,0.31200480461120605
600_60_3,TRANSLOCATION,383,0,0.343017578125
600_60_4,INVERSION,284,295,0.28885984420776367
600_65_0,INVERSION,281,466,0.326185941696167
600_65_1,TRANSLOCATION,430,0,0.28778553009033203
600_65_2,INVERSION,93,317,0.4119377136230469
600_65_3,INVERSION,159,314,0.33673644065856934
600_65_4,INVERSION,288,413,0.3985269069671631
600_70_0,TRANSLOCATION,442,0,0.2582409381866455
600_70_1,INVERSION,188,306,0.3276395797729492
600_70_2,INVERSION,192,289,0.3611009120941162
600_70_3,INVERSION,248,443,0.37528252601623535
600_70_4,TRANSLOCATION,433,0,0.3549201488494873
600_75_0,INVERSION,329,343,0.3249094486236572
600_75_1,INVERSION,161,340,0.34767746925354004
600_75_2,INVERSION,396,485,0.31690502166748047
600_75_3,INVERSION,238,450,0.25542187690734863
600_75_4,TRANSLOCATION,325,0,0.29448819160461426
700_30_0,INVERSION,306,484,1.0994138717651367
700_30_1,INVERSION,410,517,0.6308133602142334
700_30_2,TRANSLOCATION,571,0,0.6287171840667725
700_30_3,INVERSION,538,583,0.647545337677002
700_30_4,TRANSLOCATION,552,0,1.1155683994293213
700_35_0,INVERSION,192,339,0.7196569442749023
700_35_1,TRANSLOCATION,567,0,0.7718539237976074
700_35_2,INVERSION,700,700,0.5124220848083496
700_35_3,TRANSLOCATION,460,0,0.6938488483428955
700_35_4,INVERSION,227,274,0.6267859935760498
700_40_0,INVERSION,334,392,0.5960407257080078
700_40_1,INVERSION,337,492,0.8399679660797119
700_40_2,INVERSION,187,196,0.4967234134674072
700_40_3,INVERSION,174,230,0.5507519245147705
700_40_4,INVERSION,80,174,0.6246907711029053
700_45_0,TRANSLOCATION,589,0,0.5760645866394043
700_45_1,INVERSION,134,275,0.9849698543548584
700_45_2,INVERSION,204,257,0.5882928371429443
700_45_3,INVERSION,183,198,0.644040584564209
700_45_4,TRANSLOCATION,492,0,0.46881794929504395
700_50_0,INVERSION,381,479,0.551133394241333
700_50_1,INVERSION,350,560,0.7418742179870605
700_50_2,TRANSLOCATION,561,0,0.7331855297088623
700_50_3,INVERSION,396,486,0.5532577037811279
700_50_4,INVERSION,342,501,0.5270369052886963
700_55_0,INVERSION,487,546,0.42006731033325195
700_55_1,TRANSLOCATION,570,0,0.43168091773986816
700_55_2,INVERSION,370,543,0.4995002746582031
700_55_3,INVERSION,311,415,0.5110230445861816
700_55_4,TRANSLOCATION,144,0,0.5677478313446045
700_60_0,INVERSION,396,564,0.5149004459381104
700_60_1,INVERSION,392,553,0.6390361785888672
700_60_2,INVERSION,400,528,0.455197811126709
700_60_3,INVERSION,400,577,0.48965978622436523
700_60_4,INVERSION,206,331,0.40625786781311035
700_65_0,INVERSION,321,522,0.4657011032104492
700_65_1,INVERSION,477,574,0.4352703094482422
700_65_2,TRANSLOCATION,427,0,0.5012674331665039
700_65_3,TRANSLOCATION,546,0,0.3630082607269287
700_65_4,INVERSION,502,521,0.5569114685058594
700_70_0,INVERSION,205,381,0.5391087532043457
700_70_1,TRANSLOCATION,506,0,0.3625218868255615
700_70_2,INVERSION,312,563,0.4124929904937744
700_70_3,TRANSLOCATION,436,0,0.48367977142333984
700_70_4,INVERSION,351,361,0.3886837959289551
700_75_0,INVERSION,148,220,0.35365939140319824
700_75_1,INVERSION,324,453,0.3788895606994629
700_75_2,TRANSLOCATION,326,0,0.4091510772705078
700_75_3,TRANSLOCATION,279,0,0.36275148391723633
700_75_4,INVERSION,288,313,0.394207239151001
800_30_0,TANDEM,525,326,0.9380567073822021
800_30_1,TRANSLOCATION,498,0,0.7463910579681396
800_30_2,INVERSION,295,439,1.1623785495758057
800_30_3,TRANSLOCATION,305,0,0.7826106548309326
800_30_4,INVERSION,389,473,0.9879729747772217
800_35_0,INVERSION,343,465,0.8986713886260986
800_35_1,TRANSLOCATION,570,0,1.0043354034423828
800_35_2,INVERSION,392,462,0.9585483074188232
800_35_3,INVERSION,262,315,0.8706388473510742
800_35_4,INVERSION,500,622,0.8927693367004395
800_40_0,TRANSLOCATION,563,0,0.6187939643859863
800_40_1,TRANSLOCATION,636,0,0.8893246650695801
800_40_2,INVERSION,563,679,0.7571027278900146
800_40_3,INVERSION,193,346,0.7461929321289062
800_40_4,INVERSION,298,362,0.7755856513977051
800_45_0,TRANSLOCATION,630,0,0.6794519424438477
800_45_1,INVERSION,362,645,0.7354190349578857
800_45_2,INVERSION,372,481,0.5707294940948486
800_45_3,INVERSION,281,367,0.5943291187286377
800_45_4,TRANSLOCATION,549,0,0.7476987838745117
800_50_0,INVERSION,429,562,0.7322824001312256
800_50_1,INVERSION,214,322,0.6796739101409912
800_50_2,INVERSION,323,432,0.55013108253479
800_50_3,INVERSION,489,610,0.5370974540710449
800_50_4,INVERSION,122,399,0.5699477195739746
800_55_0,INVERSION,411,668,0.5628514289855957
800_55_1,INVERSION,351,614,0.7079439163208008
800_55_2,INVERSION,389,559,0.530386209487915
800_55_3,INVERSION,326,575,0.6405842304229736
800_55_4,TRANSLOCATION,557,0,0.798839807510376
800_60_0,INVERSION,244,293,0.4989612102508545
800_60_1,INVERSION,543,560,0.5886828899383545
800_60_2,TRANSLOCATION,154,0,0.4960963726043701
800_60_3,TRANSLOCATION,552,0,0.49646592140197754
800_60_4,INVERSION,307,475,0.6518955230712891
800_65_0,INVERSION,311,429,0.46242594718933105
800_65_1,INVERSION,282,417,0.5224881172180176
800_65_2,TRANSLOCATION,607,0,0.4817779064178467
800_65_3,INVERSION,310,471,0.4564635753631592
800_65_4,INVERSION,215,417,0.5037808418273926
800_70_0,INVERSION,189,414,0.5062613487243652
800_70_1,INVERSION,462,517,0.4564836025238037
800_70_2,TRANSLOCATION,619,0,0.6789863109588623
800_70_3,INVERSION,337,600,0.45282697677612305
800_70_4,TRANSLOCATION,548,0,0.40666675567626953
800_75_0,INVERSION,219,461,0.5130512714385986
800_75_1,INVERSION,167,310,0.3693816661834717
800_75_2,INVERSION,287,482,0.37696051597595215
800_75_3,INVERSION,593,647,0.43766140937805176
800_75_4,INVERSION,225,357,0.514474630355835
900_30_0,INVERSION,654,737,1.0502946376800537
900_30_1,INVERSION,188,295,1.2876455783843994
900_30_2,TRANSLOCATION,763,0,1.1000566482543945
900_30_3,TRANSLOCATION,638,0,1.0559852123260498
900_30_4,TRANSLOCATION,748,0,0.8759980201721191
900_35_0,INVERSION,484,634,1.3184542655944824
900_35_1,INVERSION,288,343,1.0212337970733643
900_35_2,INVERSION,277,342,1.4298717975616455
900_35_3,TRANSLOCATION,735,0,1.0486831665039062
900_35_4,TRANSLOCATION,791,0,1.1292524337768555
900_40_0,INVERSION,429,541,0.7269933223724365
900_40_1,TRANSLOCATION,762,0,1.117642879486084
900_40_2,INVERSION,285,554,0.9200773239135742
900_40_3,INVERSION,478,656,0.9669413566589355
900_40_4,INVERSION,227,520,1.1324830055236816
900_45_0,INVERSION,603,673,0.8310518264770508
900_45_1,INVERSION,400,599,0.8297429084777832
900_45_2,INVERSION,451,538,1.1014580726623535
900_45_3,INVERSION,298,391,0.6238350868225098
900_45_4,INVERSION,302,375,0.880537748336792
900_50_0,INVERSION,179,375,0.9040653705596924
900_50_1,TRANSLOCATION,705,0,0.787804126739502
900_50_2,INVERSION,329,518,0.7961797714233398
900_50_3,TRANSLOCATION,584,0,0.8914544582366943
900_50_4,INVERSION,644,773,1.0074992179870605
900_55_0,TRANSLOCATION,629,0,0.8621337413787842
900_55_1,TRANSLOCATION,650,0,0.7983613014221191
900_55_2,INVERSION,375,591,0.581096887588501
900_55_3,TRANSLOCATION,770,0,0.63250732421875
900_55_4,INVERSION,353,373,0.8108196258544922
900_60_0,TRANSLOCATION,670,0,0.916684627532959
900_60_1,INVERSION,219,449,0.9404387474060059
900_60_2,INVERSION,900,900,0.5956482887268066
900_60_3,INVERSION,305,569,0.8441195487976074
900_60_4,TRANSLOCATION,585,0,0.7950038909912109
900_65_0,INVERSION,317,340,0.5236587524414062
900_65_1,INVERSION,367,510,0.8150408267974854
900_65_2,TRANSLOCATION,573,0,0.6617870330810547
900_65_3,INVERSION,348,508,0.8079624176025391
900_65_4,INVERSION,293,317,0.6613311767578125
900_70_0,INVERSION,532,723,0.6380548477172852
900_70_1,INVERSION,900,900,0.5336310863494873
900_70_2,INVERSION,206,372,0.568204402923584
900_70_3,TRANSLOCATION,236,0,0.5170879364013672
900_70_4,INVERSION,302,468,0.53330397605896
900_75_0,TRANSLOCATION,489,0,0.7918615341186523
900_75_1,TRANSLOCATION,667,0,0.5542943477630615
900_75_2,INVERSION,222,404,0.53782057762146
900_75_3,INVERSION,354,484,0.8432681560516357
900_75_4,TRANSLOCATION,673,0,0.6405816078186035
1000_30_0,TANDEM,637,406,1.1131205558776855
1000_30_1,TANDEM,319,83,1.2967908382415771
1000_30_2,INVERSION,125,238,1.9784879684448242
1000_30_3,INVERSION,441,555,1.5745599269866943
1000_30_4,TRANSLOCATION,611,0,1.1249873638153076
1000_35_0,TANDEM,1000,1000,1.1602249145507812
1000_35_1,INVERSION,504,661,1.5486805438995361
1000_35_2,TRANSLOCATION,698,0,1.2075920104980469
1000_35_3,TANDEM,912,700,1.8009228706359863
1000_35_4,INVERSION,276,426,0.9596500396728516
1000_40_0,TRANSLOCATION,876,0,1.0202441215515137
1000_40_1,INVERSION,638,832,1.494997262954712
1000_40_2,INVERSION,166,307,1.1421408653259277
1000_40_3,INVERSION,246,361,1.4137065410614014
1000_40_4,TRANSLOCATION,872,0,1.0373966693878174
1000_45_0,INVERSION,459,584,1.4562382698059082
1000_45_1,TRANSLOCATION,736,0,1.357658863067627
1000_45_2,TRANSLOCATION,506,0,0.956345796585083
1000_45_3,TRANSLOCATION,741,0,0.8443286418914795
1000_45_4,INVERSION,229,503,1.2697603702545166
1000_50_0,INVERSION,169,376,0.9047963619232178
1000_50_1,INVERSION,402,496,0.9651429653167725
1000_50_2,TRANSLOCATION,759,0,0.6813178062438965
1000_50_3,TRANSLOCATION,366,0,0.7549264430999756
1000_50_4,TRANSLOCATION,704,0,0.9676854610443115
1000_55_0,TRANSLOCATION,196,0,0.6948401927947998
1000_55_1,INVERSION,653,791,0.8313493728637695
1000_55_2,TRANSLOCATION,720,0,0.7269375324249268
1000_55_3,INVERSION,516,606,0.9398777484893799
1000_55_4,INVERSION,229,343,0.972766637802124
1000_60_0,INVERSION,445,721,0.6870632171630859
1000_60_1,INVERSION,455,616,0.9753594398498535
1000_60_2,TRANSLOCATION,747,0,0.8771548271179199
1000_60_3,INVERSION,535,650,0.8010480403900146
1000_60_4,INVERSION,316,566,0.770334005355835
1000_65_0,INVERSION,498,562,0.6232089996337891
1000_65_1,TRANSLOCATION,531,0,0.5909569263458252
1000_65_2,INVERSION,334,709,0.9625990390777588
1000_65_3,INVERSION,255,282,0.6973855495452881
1000_65_4,INVERSION,453,734,0.8477516174316406
1000_70_0,INVERSION,564,802,0.9327991008758545
1000_70_1,TRANSLOCATION,738,0,0.7849338054656982
1000_70_2,INVERSION,380,690,0.6254496574401855
1000_70_3,INVERSION,490,634,0.6504096984863281
1000_70_4,INVERSION,446,606,0.8450689315795898
1000_75_0,TRANSLOCATION,667,0,0.6867959499359131
1000_75_1,INVERSION,784,719,0.5232343673706055
1000_75_2,TRANSLOCATION,751,0,0.5495436191558838
1000_75_3,TRANSLOCATION,710,0,0.7996845245361328
1000_75_4,INVERSION,551,730,0.7650105953216553
1100_30_0,TRANSLOCATION,877,0,1.3260655403137207
1100_30_1,INVERSION,136,297,1.2772116661071777
1100_30_2,TRANSLOCATION,928,0,1.61529541015625
1100_30_3,INVERSION,609,885,1.5057525634765625
1100_30_4,TRANSLOCATION,892,0,1.6342597007751465
1100_35_0,INVERSION,343,497,1.6740574836730957
1100_35_1,INVERSION,831,917,1.127971887588501
1100_35_2,TRANSLOCATION,879,0,1.337874174118042
1100_35_3,INVERSION,266,572,1.7193551063537598
1100_35_4,TRANSLOCATION,909,0,1.3481755256652832
1100_40_0,INVERSION,251,388,1.024501085281372
1100_40_1,INVERSION,861,931,1.31276273727417
1100_40_2,INVERSION,574,777,1.0962367057800293
1100_40_3,TANDEM,487,118,1.336256980895996
1100_40_4,INVERSION,570,596,1.3568921089172363
1100_45_0,INVERSION,285,349,1.12178635597229
1100_45_1,INVERSION,569,872,0.9611315727233887
1100_45_2,INVERSION,653,778,1.2251622676849365
1100_45_3,INVERSION,606,906,1.378753423690796
1100_45_4,INVERSION,651,758,1.3419160842895508
1100_50_0,TRANSLOCATION,892,0,1.1444151401519775
1100_50_1,TRANSLOCATION,481,0,0.9063851833343506
1100_50_2,INVERSION,536,773,1.090254545211792
1100_50_3,TRANSLOCATION,795,0,1.1355912685394287
1100_50_4,INVERSION,1100,1100,0.8996627330780029
1100_55_0,TRANSLOCATION,893,0,0.9154431819915771
1100_55_1,INVERSION,386,403,0.977832555770874
1100_55_2,TRANSLOCATION,274,0,0.8671364784240723
1100_55_3,TRANSLOCATION,881,0,1.078209400177002
1100_55_4,INVERSION,369,532,0.8166956901550293
1100_60_0,INVERSION,555,684,0.8678350448608398
1100_60_1,INVERSION,428,722,1.0678706169128418
1100_60_2,TRANSLOCATION,861,0,0.8351855278015137
1100_60_3,TRANSLOCATION,487,0,0.8590812683105469
1100_60_4,TRANSLOCATION,827,0,0.9834105968475342
1100_65_0,TRANSLOCATION,714,0,0.7408127784729004
1100_65_1,INVERSION,582,806,1.008497714996338
1100_65_2,TRANSLOCATION,801,0,1.0021047592163086
1100_65_3,INVERSION,430,459,0.7123677730560303
1100_65_4,INVERSION,325,523,0.813887357711792
1100_70_0,INVERSION,590,700,0.6600029468536377
1100_70_1,TRANSLOCATION,633,0,0.7369368076324463
1100_70_2,TRANSLOCATION,366,0,0.7518887519836426
1100_70_3,INVERSION,268,409,0.7540731430053711
1100_70_4,INVERSION,612,631,0.7927815914154053
1100_75_0,INVERSION,529,848,0.8790531158447266
1100_75_1,INVERSION,630,776,0.973360538482666
1100_75_2,TRANSLOCATION,447,0,0.7054815292358398
1100_75_3,INVERSION,366,401,0.6351356506347656
1100_75_4,INVERSION,455,615,0.6653501987457275
1200_30_0,INVERSION,669,910,1.6478796005249023
1200_30_1,INVERSION,385,551,2.177460193634033
1200_30_2,INVERSION,1051,1060,1.4375591278076172
1200_30_3,INVERSION,745,954,1.825681447982788
1200_30_4,TRANSLOCATION,660,0,1.295098066329956
1200_35_0,TANDEM,1093,721,1.8968870639801025
1200_35_1,INVERSION,789,808,1.2392308712005615
1200_35_2,INVERSION,713,722,1.4038238525390625
1200_35_3,INVERSION,616,865,1.6913256645202637
1200_35_4,INVERSION,707,881,1.8203978538513184
1200_40_0,INVERSION,308,321,1.670494556427002
1200_40_1,INVERSION,877,1059,1.165614366531372
1200_40_2,INVERSION,864,1016,1.6060395240783691
1200_40_3,TRANSLOCATION,892,0,1.296525001525879
1200_40_4,TRANSLOCATION,783,0,1.31376051902771
1200_45_0,TRANSLOCATION,844,0,1.3209373950958252
1200_45_1,INVERSION,400,613,0.9983158111572266
1200_45_2,INVERSION,727,831,1.3914635181427002
1200_45_3,TRANSLOCATION,1000,0,1.377439022064209
1200_45_4,INVERSION,668,946,1.302767276763916
1200_50_0,INVERSION,993,1022,1.0249381065368652
1200_50_1,TRANSLOCATION,1002,0,1.3787055015563965
1200_50_2,INVERSION,1200,1200,1.3876571655273438
1200_50_3,INVERSION,395,634,1.4678277969360352
1200_50_4,INVERSION,437,562,1.3357372283935547
1200_55_0,INVERSION,231,576,0.9839344024658203
1200_55_1,TRANSLOCATION,766,0,1.1681592464447021
1200_55_2,INVERSION,574,973,1.3602116107940674
1200_55_3,INVERSION,934,963,1.3082656860351562
1200_55_4,INVERSION,395,603,1.2921035289764404
1200_60_0,INVERSION,604,865,1.1839876174926758
1200_60_1,INVERSION,734,949,0.8612985610961914
1200_60_2,INVERSION,544,563,0.9275784492492676
1200_60_3,INVERSION,1200,1200,0.9028594493865967
1200_60_4,INVERSION,198,514,1.551290512084961
1200_65_0,INVERSION,492,674,0.9344227313995361
1200_65_1,INVERSION,594,857,1.3766233921051025
1200_65_2,INVERSION,273,360,1.1678617000579834
1200_65_3,TRANSLOCATION,793,0,1.1131465435028076
1200_65_4,INVERSION,1200,1200,0.8504798412322998
1200_70_0,INVERSION,652,815,1.1876740455627441
1200_70_1,INVERSION,299,699,0.9152514934539795
1200_70_2,TRANSLOCATION,840,0,1.02522873878479
1200_70_3,TRANSLOCATION,448,0,0.8738739490509033
1200_70_4,INVERSION,274,443,1.0606269836425781
1200_75_0,INVERSION,794,830,1.0823051929473877
1200_75_1,INVERSION,464,940,0.8794369697570801
1200_75_2,TRANSLOCATION,791,0,1.085144281387329
1200_75_3,INVERSION,464,556,1.1403577327728271
1200_75_4,INVERSION,530,902,0.763577938079834
1300_30_0,INVERSION,557,748,2.0041677951812744
1300_30_1,TANDEM,1179,893,2.160493850708008
1300_30_2,TRANSLOCATION,920,0,1.695937156677246
1300_30_3,TRANSLOCATION,1009,0,2.14131236076355
1300_30_4,TRANSLOCATION,1105,0,1.825542688369751
1300_35_0,INVERSION,392,520,1.6368892192840576
1300_35_1,INVERSION,869,992,1.8611228466033936
1300_35_2,INVERSION,499,825,1.5555949211120605
1300_35_3,INVERSION,433,791,1.6439881324768066
1300_35_4,TRANSLOCATION,1095,0,1.5174455642700195
1300_40_0,INVERSION,733,906,1.8658523559570312
1300_40_1,INVERSION,983,996,1.4073741436004639
1300_40_2,INVERSION,655,751,1.847362756729126
1300_40_3,INVERSION,799,971,1.2484073638916016
1300_40_4,INVERSION,429,778,1.3950684070587158
1300_45_0,INVERSION,542,566,1.2033054828643799
1300_45_1,TANDEM,1300,1300,1.2534754276275635
1300_45_2,INVERSION,400,584,1.4851431846618652
1300_45_3,TRANSLOCATION,869,0,1.353924036026001
1300_45_4,INVERSION,574,828,1.756293773651123
1300_50_0,INVERSION,681,943,1.7560203075408936
1300_50_1,INVERSION,532,917,1.2084546089172363
1300_50_2,INVERSION,1300,1300,1.1644213199615479
1300_50_3,INVERSION,682,798,1.4604825973510742
1300_50_4,TRANSLOCATION,1086,0,1.761423110961914
1300_55_0,TRANSLOCATION,1042,0,1.0695364475250244
1300_55_1,INVERSION,329,505,1.554478645324707
1300_55_2,INVERSION,318,772,1.6632165908813477
1300_55_3,INVERSION,310,700,1.6643805503845215
1300_55_4,TRANSLOCATION,824,0,1.6993625164031982
1300_60_0,INVERSION,427,715,1.1799566745758057
1300_60_1,INVERSION,762,1036,1.103271722793579
1300_60_2,INVERSION,342,730,1.3901324272155762
1300_60_3,INVERSION,300,337,1.5947074890136719
1300_60_4,INVERSION,282,511,1.5690083503723145
1300_65_0,INVERSION,341,547,1.0361976623535156
1300_65_1,INVERSION,499,960,0.795093297958374
1300_65_2,INVERSION,273,634,1.3299570083618164
1300_65_3,TRANSLOCATION,829,0,1.2346627712249756
1300_65_4,INVERSION,435,881,0.9839136600494385
1300_70_0,INVERSION,1300,1300,1.0944206714630127
1300_70_1,INVERSION,751,783,1.44576096534729
1300_70_2,INVERSION,445,774,0.9171547889709473
1300_70_3,TRANSLOCATION,899,0,1.3087761402130127
1300_70_4,TRANSLOCATION,626,0,0.9964807033538818
1300_75_0,TRANSLOCATION,601,0,1.047346830368042
1300_75_1,TRANSLOCATION,863,0,1.1603941917419434
1300_75_2,INVERSION,336,726,1.2258057594299316
1300_75_3,INVERSION,802,955,1.0100176334381104
1300_75_4,INVERSION,694,1079,1.2184855937957764
1400_30_0,TRANSLOCATION,444,0,2.2574212551116943
1400_30_1,INVERSION,820,1078,1.9683613777160645
1400_30_2,TRANSLOCATION,777,0,1.976426124572754
1400_30_3,TRANSLOCATION,1110,0,1.8198390007019043
1400_30_4,INVERSION,306,461,2.4649810791015625
1400_35_0,INVERSION,724,829,2.0061869621276855
1400_35_1,INVERSION,504,632,2.7793638706207275
1400_35_2,TANDEM,926,486,1.8311998844146729
1400_35_3,INVERSION,204,480,1.9713475704193115
1400_35_4,INVERSION,665,966,1.7502515316009521
1400_40_0,TRANSLOCATION,881,0,1.987783670425415
1400_40_1,INVERSION,439,597,1.636678695678711
1400_40_2,TRANSLOCATION,1211,0,1.5196964740753174
1400_40_3,TRANSLOCATION,965,0,1.8804616928100586
1400_40_4,TRANSLOCATION,1239,0,1.655461072921753
1400_45_0,TRANSLOCATION,856,0,1.3067800998687744
1400_45_1,INVERSION,740,824,1.7179474830627441
1400_45_2,TRANSLOCATION,1147,0,1.4522101879119873
1400_45_3,INVERSION,298,400,1.893043041229248
1400_45_4,INVERSION,762,837,1.4520611763000488
1400_50_0,INVERSION,793,1156,1.5863146781921387
1400_50_1,TRANSLOCATION,745,0,1.445892572402954
1400_50_2,INVERSION,703,924,1.573850393295288
1400_50_3,INVERSION,387,603,1.5997645854949951
1400_50_4,INVERSION,292,749,1.306483507156372
1400_55_0,INVERSION,295,802,1.3759174346923828
1400_55_1,TRANSLOCATION,1164,0,1.6720402240753174
1400_55_2,INVERSION,324,659,1.4258148670196533
1400_55_3,INVERSION,431,874,1.317814826965332
1400_55_4,INVERSION,231,412,1.794412612915039
1400_60_0,INVERSION,896,1021,1.135390043258667
1400_60_1,TRANSLOCATION,815,0,1.3858375549316406
1400_60_2,TRANSLOCATION,1011,0,1.682114839553833
1400_60_3,INVERSION,456,751,1.3173353672027588
1400_60_4,INVERSION,789,1142,1.5462167263031006
1400_65_0,INVERSION,1400,1400,1.1552305221557617
1400_65_1,INVERSION,718,976,1.1467642784118652
1400_65_2,TRANSLOCATION,1017,0,1.0060646533966064
1400_65_3,INVERSION,1060,1087,1.2177050113677979
1400_65_4,INVERSION,504,929,1.3928115367889404
1400_70_0,TRANSLOCATION,1062,0,1.0933520793914795
1400_70_1,INVERSION,578,1053,1.501929759979248
1400_70_2,TRANSLOCATION,367,0,1.158987283706665
1400_70_3,INVERSION,625,989,1.2559971809387207
1400_70_4,INVERSION,826,901,1.4738216400146484
1400_75_0,INVERSION,602,1090,1.0652797222137451
1400_75_1,TRANSLOCATION,851,0,1.2246243953704834
1400_75_2,INVERSION,1083,1132,1.1755859851837158
1400_75_3,INVERSION,584,803,1.2092335224151611
1400_75_4,INVERSION,880,1103,1.3652455806732178
1500_30_0,TRANSLOCATION,1313,0,1.9174978733062744
1500_30_1,TRANSLOCATION,1222,0,1.9019358158111572
1500_30_2,INVERSION,475,633,3.4883508682250977
1500_30_3,TANDEM,867,534,3.075218439102173
1500_30_4,TANDEM,1106,706,2.097412586212158
1500_35_0,INVERSION,949,1160,1.9379143714904785
1500_35_1,TRANSLOCATION,1246,0,1.6975369453430176
1500_35_2,TRANSLOCATION,1051,0,1.5565083026885986
1500_35_3,INVERSION,165,289,2.744763135910034
1500_35_4,TRANSLOCATION,1170,0,2.2660701274871826
1500_40_0,TRANSLOCATION,1245,0,1.8900322914123535
1500_40_1,TRANSLOCATION,1139,0,1.7469394207000732
1500_40_2,TRANSLOCATION,1207,0,1.7229053974151611
1500_40_3,INVERSION,681,789,1.8400657176971436
1500_40_4,TRANSLOCATION,980,0,1.5402097702026367
1500_45_0,INVERSION,850,1028,1.573760986328125
1500_45_1,INVERSION,719,989,2.2693910598754883
1500_45_2,INVERSION,221,595,1.5302722454071045
1500_45_3,TANDEM,1135,626,1.765364408493042
1500_45_4,INVERSION,942,1196,2.227792739868164
1500_50_0,TRANSLOCATION,1273,0,1.6999139785766602
1500_50_1,TRANSLOCATION,738,0,1.3497323989868164
1500_50_2,TRANSLOCATION,729,0,1.9986917972564697
1500_50_3,INVERSION,1500,1500,1.4797635078430176
1500_50_4,INVERSION,287,645,1.6034276485443115
1500_55_0,TRANSLOCATION,1025,0,1.9308278560638428
1500_55_1,INVERSION,815,1112,2.0692529678344727
1500_55_2,INVERSION,606,691,1.641000747680664
1500_55_3,INVERSION,381,613,1.7413268089294434
1500_55_4,INVERSION,342,576,1.8768987655639648
1500_60_0,TRANSLOCATION,828,0,1.124936580657959
1500_60_1,TRANSLOCATION,901,0,1.5783205032348633
1500_60_2,INVERSION,725,1025,1.7463116645812988
1500_60_3,INVERSION,649,587,1.2446753978729248
1500_60_4,TRANSLOCATION,1254,0,1.8710217475891113
1500_65_0,INVERSION,664,918,1.6664528846740723
1500_65_1,TRANSLOCATION,1122,0,2.047947406768799
1500_65_2,INVERSION,621,703,1.4237563610076904
1500_65_3,INVERSION,703,1208,1.4727861881256104
1500_65_4,TRANSLOCATION,458,0,1.1600227355957031
1500_70_0,INVERSION,678,894,1.5523173809051514
1500_70_1,INVERSION,308,467,1.8348119258880615
1500_70_2,INVERSION,595,1128,1.296083927154541
1500_70_3,TRANSLOCATION,959,0,1.1636900901794434
1500_70_4,TRANSLOCATION,577,0,1.319138526916504
1500_75_0,TRANSLOCATION,1007,0,1.0938024520874023
1500_75_1,INVERSION,1010,1155,1.0895628929138184
1500_75_2,INVERSION,876,926,1.6412684917449951
1500_75_3,INVERSION,1087,1291,1.4838931560516357
1500_75_4,INVERSION,633,1067,1.0714788436889648
1600_30_0,INVERSION,350,755,2.162480115890503
1600_30_1,INVERSION,796,1088,2.9441704750061035
1600_30_2,TRANSLOCATION,871,0,2.2786033153533936
1600_30_3,INVERSION,115,279,3.06046986579895
1600_30_4,TANDEM,715,281,2.306378126144409
1600_35_0,TRANSLOCATION,1348,0,2.062014102935791
1600_35_1,INVERSION,1091,1468,2.9752485752105713
1600_35_2,INVERSION,1210,1364,2.9284965991973877
1600_35_3,INVERSION,700,913,2.071972131729126
1600_35_4,TRANSLOCATION,827,0,1.775390625
1600_40_0,INVERSION,274,520,1.786677598953247
1600_40_1,INVERSION,503,520,1.7798340320587158
1600_40_2,TRANSLOCATION,1121,0,2.027702808380127
1600_40_3,INVERSION,488,551,2.8963916301727295
1600_40_4,INVERSION,242,474,1.9893107414245605
1600_45_0,INVERSION,501,1029,2.1665682792663574
1600_45_1,INVERSION,425,564,1.6272234916687012
1600_45_2,INVERSION,658,786,1.6548500061035156
1600_45_3,INVERSION,321,476,1.824876308441162
1600_45_4,INVERSION,454,477,1.8388874530792236
1600_50_0,INVERSION,651,1058,1.767249584197998
1600_50_1,INVERSION,786,1051,2.4379525184631348
1600_50_2,INVERSION,720,992,1.7326643466949463
1600_50_3,INVERSION,1007,1272,2.2030584812164307
1600_50_4,INVERSION,617,737,2.434305429458618
1600_55_0,INVERSION,1196,1354,1.937819480895996
1600_55_1,INVERSION,1154,1350,1.8088555335998535
1600_55_2,INVERSION,468,865,2.0576374530792236
1600_55_3,INVERSION,410,795,1.6765098571777344
1600_55_4,INVERSION,552,759,1.5561251640319824
1600_60_0,INVERSION,672,1129,1.5777719020843506
1600_60_1,INVERSION,416,790,2.594313859939575
1600_60_2,INVERSION,813,1324,1.8123245239257812
1600_60_3,INVERSION,689,1170,1.344508409500122
1600_60_4,INVERSION,1079,1367,1.879913568496704
1600_65_0,INVERSION,523,866,2.1355061531066895
1600_65_1,INVERSION,361,567,1.4163146018981934
1600_65_2,INVERSION,735,973,1.505486011505127
1600_65_3,INVERSION,1183,1376,2.215235948562622
1600_65_4,INVERSION,510,557,1.7904510498046875
1600_70_0,TRANSLOCATION,974,0,1.3035831451416016
1600_70_1,INVERSION,660,1112,1.8155512809753418
1600_70_2,INVERSION,735,1176,2.097783327102661
1600_70_3,INVERSION,544,1127,1.7763080596923828
1600_70_4,INVERSION,852,894,1.7163681983947754
1600_75_0,INVERSION,876,1332,1.1975460052490234
1600_75_1,INVERSION,773,817,1.5952482223510742
1600_75_2,INVERSION,477,1036,1.356968879699707
1600_75_3,INVERSION,1141,1223,1.1902194023132324
1600_75_4,INVERSION,428,464,1.1510677337646484
1700_30_0,TRANSLOCATION,1429,0,3.911857843399048
1700_30_1,INVERSION,410,636,3.644705295562744
1700_30_2,TRANSLOCATION,1237,0,3.0534534454345703
1700_30_3,INVERSION,1166,1293,3.1055541038513184
1700_30_4,TANDEM,1700,1700,2.212480306625366
1700_35_0,INVERSION,734,1000,2.452155351638794
1700_35_1,INVERSION,675,814,2.9559595584869385
1700_35_2,TANDEM,662,191,3.367335081100464
1700_35_3,TRANSLOCATION,1055,0,2.631969928741455
1700_35_4,TRANSLOCATION,1268,0,1.9831514358520508
1700_40_0,INVERSION,454,630,2.6179709434509277
1700_40_1,TRANSLOCATION,1239,0,2.195019245147705
1700_40_2,INVERSION,330,728,2.3239736557006836
1700_40_3,INVERSION,518,980,2.032728672027588
1700_40_4,INVERSION,1307,1453,2.8128771781921387
1700_45_0,INVERSION,814,1189,1.9494216442108154
1700_45_1,INVERSION,1411,1427,2.2675979137420654
1700_45_2,INVERSION,945,1469,2.4419026374816895
1700_45_3,TRANSLOCATION,1470,0,2.9087681770324707
1700_45_4,INVERSION,242,419,2.072812557220459
1700_50_0,INVERSION,324,576,3.0412838459014893
1700_50_1,INVERSION,1013,1447,1.999790906906128
1700_50_2,TRANSLOCATION,1390,0,2.58207368850708
1700_50_3,INVERSION,470,1037,2.0488340854644775
1700_50_4,INVERSION,890,1148,2.4689934253692627
1700_55_0,INVERSION,926,1439,1.783151388168335
1700_55_1,INVERSION,1258,1232,2.0560920238494873
1700_55_2,TRANSLOCATION,659,0,1.888507604598999
1700_55_3,TRANSLOCATION,1249,0,1.6836450099945068
1700_55_4,INVERSION,263,506,2.057560443878174
1700_60_0,INVERSION,311,379,1.5896697044372559
1700_60_1,INVERSION,461,656,2.1858785152435303
1700_60_2,INVERSION,599,1132,2.0681064128875732
1700_60_3,INVERSION,1147,1350,1.9662330150604248
1700_60_4,INVERSION,295,432,2.0760676860809326
1700_65_0,TRANSLOCATION,1205,0,1.2769877910614014
1700_65_1,TRANSLOCATION,903,0,2.2431352138519287
1700_65_2,TRANSLOCATION,1342,0,1.574845314025879
1700_65_3,INVERSION,421,906,1.3876757621765137
1700_65_4,TRANSLOCATION,1164,0,2.0450594425201416
1700_70_0,INVERSION,1274,1355,1.896193265914917
1700_70_1,INVERSION,869,1225,2.3819494247436523
1700_70_2,TRANSLOCATION,449,0,1.3836288452148438
1700_70_3,INVERSION,974,1015,1.4227759838104248
1700_70_4,TRANSLOCATION,1052,0,1.8383073806762695
1700_75_0,INVERSION,851,1353,1.6341910362243652
1700_75_1,TRANSLOCATION,1175,0,1.6955573558807373
1700_75_2,TRANSLOCATION,507,0,1.3773698806762695
1700_75_3,INVERSION,764,1281,1.8908798694610596
1700_75_4,INVERSION,771,1372,1.4568994045257568
1800_30_0,TRANSLOCATION,1444,0,2.7247495651245117
1800_30_1,INVERSION,662,857,2.7521634101867676
1800_30_2,INVERSION,980,1200,4.382338285446167
1800_30_3,TANDEM,712,202,3.0007176399230957
1800_30_4,TRANSLOCATION,1595,0,3.7600207328796387
1800_35_0,INVERSION,1066,1271,3.00748872756958
1800_35_1,INVERSION,269,861,2.1976733207702637
1800_35_2,INVERSION,553,923,2.6316826343536377
1800_35_3,INVERSION,815,1284,2.972470998764038
1800_35_4,TRANSLOCATION,1114,0,3.259215831756592
1800_40_0,INVERSION,372,338,2.645754337310791
1800_40_1,TRANSLOCATION,1572,0,2.5962865352630615
1800_40_2,INVERSION,391,571,3.235069990158081
1800_40_3,INVERSION,333,762,2.2512733936309814
1800_40_4,TRANSLOCATION,1390,0,3.2618887424468994
1800_45_0,INVERSION,1092,1584,2.4409961700439453
1800_45_1,INVERSION,752,691,2.5424399375915527
1800_45_2,TRANSLOCATION,1458,0,2.2236251831054688
1800_45_3,TRANSLOCATION,1296,0,3.2427213191986084
1800_45_4,INVERSION,687,722,3.1115176677703857
1800_50_0,INVERSION,571,636,1.8130834102630615
1800_50_1,INVERSION,1156,1183,1.8720769882202148
1800_50_2,TRANSLOCATION,1302,0,2.8481383323669434
1800_50_3,INVERSION,1062,1527,2.7748489379882812
1800_50_4,INVERSION,789,1215,1.7781810760498047
1800_55_0,INVERSION,660,1109,2.4863996505737305
1800_55_1,TRANSLOCATION,737,0,2.119854211807251
1800_55_2,INVERSION,1002,1463,2.2242603302001953
1800_55_3,INVERSION,359,596,1.7770307064056396
1800_55_4,INVERSION,570,1116,2.3816640377044678
1800_60_0,TRANSLOCATION,1026,0,1.7146916389465332
1800_60_1,TRANSLOCATION,1129,0,1.8474745750427246
1800_60_2,INVERSION,516,583,1.8893029689788818
1800_60_3,TRANSLOCATION,995,0,1.8860628604888916
1800_60_4,INVERSION,532,857,2.2788808345794678
1800_65_0,INVERSION,604,876,2.0849685668945312
1800_65_1,INVERSION,667,723,1.793898582458496
1800_65_2,INVERSION,984,1334,1.651942491531372
1800_65_3,INVERSION,1125,1322,2.158118724822998
1800_65_4,INVERSION,633,502,2.3551242351531982
1800_70_0,TRANSLOCATION,1302,0,2.3624062538146973
1800_70_1,INVERSION,913,1247,2.9258437156677246
1800_70_2,INVERSION,1193,1473,2.0320310592651367
1800_70_3,INVERSION,796,1237,1.820300579071045
1800_70_4,INVERSION,295,662,1.8398711681365967
1800_75_0,TRANSLOCATION,1148,0,1.9735057353973389
1800_75_1,INVERSION,908,1211,1.411482334136963
1800_75_2,TRANSLOCATION,899,0,1.8366503715515137
1800_75_3,INVERSION,1057,1421,1.966672658920288
1800_75_4,TRANSLOCATION,1055,0,2.248875379562378
1900_30_0,TRANSLOCATION,1729,0,2.999891757965088
1900_30_1,TANDEM,1900,1900,2.557053565979004
1900_30_2,TRANSLOCATION,563,0,3.018139362335205
1900_30_3,INVERSION,553,860,3.8966128826141357
1900_30_4,INVERSION,546,778,3.113513946533203
1900_35_0,TRANSLOCATION,1643,0,2.7052156925201416
1900_35_1,INVERSION,724,832,2.91145658493042
1900_35_2,INVERSION,1352,1621,3.673340320587158
1900_35_3,INVERSION,470,722,3.2096974849700928
1900_35_4,TANDEM,1315,720,3.222628116607666
1900_40_0,TRANSLOCATION,1339,0,3.406050443649292
1900_40_1,INVERSION,555,583,2.6965787410736084
1900_40_2,TRANSLOCATION,991,0,2.4838356971740723
1900_40_3,TRANSLOCATION,347,0,2.4405386447906494
1900_40_4,TRANSLOCATION,1239,0,2.4748542308807373
1900_45_0,INVERSION,721,1287,2.4565064907073975
1900_45_1,INVERSION,1062,1488,2.6732585430145264
1900_45_2,INVERSION,678,1172,2.9618709087371826
1900_45_3,INVERSION,840,1259,2.889941453933716
1900_45_4,INVERSION,516,1124,2.938913583755493
1900_50_0,INVERSION,514,943,2.9757015705108643
1900_50_1,TRANSLOCATION,1037,0,2.5782155990600586
1900_50_2,INVERSION,932,1343,1.992548942565918
1900_50_3,INVERSION,616,887,2.8690314292907715
1900_50_4,INVERSION,851,1030,2.144118070602417
1900_55_0,TRANSLOCATION,991,0,3.249579906463623
1900_55_1,INVERSION,625,1238,2.357558250427246
1900_55_2,INVERSION,307,863,3.4302144050598145
1900_55_3,INVERSION,1310,1341,2.109956979751587
1900_55_4,INVERSION,428,784,2.581861734390259
1900_60_0,INVERSION,1103,1590,2.4443185329437256
1900_60_1,INVERSION,412,798,1.9478306770324707
1900_60_2,INVERSION,743,1131,2.0537829399108887
1900_60_3,INVERSION,445,1157,1.756244421005249
1900_60_4,INVERSION,967,1594,2.473217487335205
1900_65_0,TRANSLOCATION,1352,0,1.9428009986877441
1900_65_1,INVERSION,602,973,2.0542564392089844
1900_65_2,INVERSION,821,1115,1.787950038909912
1900_65_3,INVERSION,542,1047,1.8778300285339355
1900_65_4,TRANSLOCATION,1260,0,2.00528883934021
1900_70_0,INVERSION,1046,1104,1.8562994003295898
1900_70_1,INVERSION,546,1044,2.08697247505188
1900_70_2,TRANSLOCATION,436,0,1.9570677280426025
1900_70_3,TRANSLOCATION,1292,0,2.2109413146972656
1900_70_4,TRANSLOCATION,1144,0,2.124091625213623
1900_75_0,INVERSION,360,744,1.7771868705749512
1900_75_1,INVERSION,919,972,2.108351469039917
1900_75_2,TRANSLOCATION,350,0,2.0752429962158203
1900_75_3,TRANSLOCATION,977,0,1.763979196548462
1900_75_4,TRANSLOCATION,1284,0,1.8662991523742676
