,real_type,real_start,real_end,read_count,var_size,type,start,end,time(s)
500_30_0,INSERTION_SMALLER,197,198,172,140,TANDEM,196,197,0.8222527503967285
500_30_1,INSERTION_SMALLER,123,124,145,52,TANDEM,122,123,0.6567220687866211
500_30_2,INSERTION_SMALLER,147,148,146,46,TANDEM,146,148,0.6484513282775879
500_30_3,INSERTION_SMALLER,202,203,157,34,TRANSLOCATION,190,0,0.7067081928253174
500_30_4,INSERTION_SMALLER,420,421,113,55,INSERTION_SMALLER,411,419,0.5005688667297363
500_35_0,INSERTION_SMALLER,62,63,102,101,INSERTION_SMALLER,61,62,0.48534464836120605
500_35_1,INSERTION_SMALLER,363,364,131,77,INSERTION_SMALLER,362,363,0.6199078559875488
500_35_2,INSERTION_SMALLER,396,397,102,71,INSERTION_SMALLER,395,397,0.4869813919067383
500_35_3,INSERTION_SMALLER,124,125,134,161,TRANSLOCATION,123,0,0.6572341918945312
500_35_4,INSERTION_SMALLER,174,175,133,118,TANDEM,173,175,0.6442487239837646
500_40_0,INSERTION_SMALLER,210,211,97,35,INSERTION_SMALLER,208,209,0.4674253463745117
500_40_1,INSERTION_SMALLER,364,365,89,92,INSERTION_SMALLER,353,362,0.4422032833099365
500_40_2,INSERTION_SMALLER,93,94,92,56,TRANSLOCATION,92,0,0.4620192050933838
500_40_3,INSERTION_SMALLER,352,353,79,27,INSERTION_SMALLER,351,351,0.38243579864501953
500_40_4,INSERTION_SMALLER,100,101,77,125,INSERTION_SMALLER,99,100,0.396634578704834
500_45_0,INSERTION_SMALLER,382,383,99,118,TANDEM,381,382,0.5086119174957275
500_45_1,INSERTION_SMALLER,367,368,83,63,INSERTION_SMALLER,366,367,0.41977691650390625
500_45_2,INSERTION_SMALLER,184,185,96,127,INSERTION_SMALLER,187,187,0.4962782859802246
500_45_3,INSERTION_SMALLER,188,189,76,75,TRANSLOCATION,188,0,0.3841214179992676
500_45_4,INSERTION_SMALLER,238,239,82,147,TRANSLOCATION,231,0,0.44185400009155273
500_50_0,INSERTION_SMALLER,327,328,72,117,TANDEM,326,327,0.38674449920654297
500_50_1,INSERTION_SMALLER,271,272,99,141,INSERTION_SMALLER,270,273,0.5386245250701904
500_50_2,INSERTION_SMALLER,257,258,96,92,INSERTION_SMALLER,256,257,0.5163052082061768
500_50_3,INSERTION_SMALLER,195,196,74,74,INSERTION_SMALLER,184,194,0.3969905376434326
500_50_4,INSERTION_SMALLER,130,131,95,166,INSERTION_SMALLER,128,132,0.5281867980957031
500_55_0,INSERTION_SMALLER,214,215,95,48,INSERTION_SMALLER,206,213,0.5157067775726318
500_55_1,INSERTION_SMALLER,160,161,67,64,TANDEM,157,163,0.3688220977783203
500_55_2,INSERTION_SMALLER,306,307,56,74,INSERTION_SMALLER,305,307,0.31061220169067383
500_55_3,INSERTION_SMALLER,244,245,84,70,INSERTION_SMALLER,243,245,0.46901845932006836
500_55_4,INSERTION_SMALLER,111,112,93,99,INVERSION,109,109,0.5280022621154785
500_60_0,INSERTION_SMALLER,140,141,81,163,INSERTION_SMALLER,139,141,0.5035386085510254
500_60_1,INSERTION_SMALLER,220,221,73,45,INSERTION_BIGGER,219,221,0.41854286193847656
500_60_2,INSERTION_SMALLER,240,241,70,133,INSERTION_SMALLER,238,240,0.41276049613952637
500_60_3,INSERTION_SMALLER,315,316,44,65,INSERTION_SMALLER,313,315,0.24803447723388672
500_60_4,INSERTION_SMALLER,103,104,48,61,INSERTION_SMALLER,102,103,0.27791380882263184
500_65_0,INSERTION_SMALLER,246,247,61,57,INSERTION_SMALLER,244,246,0.3611109256744385
500_65_1,INSERTION_SMALLER,164,165,75,89,INSERTION_SMALLER,163,165,0.4470655918121338
500_65_2,INSERTION_SMALLER,376,377,45,43,INSERTION_BIGGER,376,376,0.2680544853210449
500_65_3,INSERTION_SMALLER,112,113,49,91,TRANSLOCATION,98,0,0.2943761348724365
500_65_4,INSERTION_SMALLER,334,335,54,118,INSERTION_SMALLER,333,334,0.32702016830444336
500_70_0,INSERTION_SMALLER,211,212,77,151,TANDEM,210,209,0.48343586921691895
500_70_1,INSERTION_SMALLER,122,123,52,95,INSERTION_SMALLER,121,123,0.3253445625305176
500_70_2,INSERTION_SMALLER,307,308,61,69,TANDEM,306,307,0.36316823959350586
500_70_3,INSERTION_SMALLER,133,134,42,87,INSERTION_SMALLER,132,135,0.2659025192260742
500_70_4,INSERTION_SMALLER,309,310,55,63,INSERTION_SMALLER,308,309,0.3410022258758545
500_75_0,INSERTION_SMALLER,195,196,55,84,INSERTION_SMALLER,196,222,0.3435041904449463
500_75_1,INSERTION_SMALLER,306,307,42,69,INSERTION_SMALLER,305,306,0.26447224617004395
500_75_2,INSERTION_SMALLER,368,369,49,146,INSERTION_SMALLER,367,368,0.3116147518157959
500_75_3,INSERTION_SMALLER,262,263,50,162,TRANSLOCATION,262,0,0.32557225227355957
500_75_4,INSERTION_SMALLER,367,368,48,125,TRANSLOCATION,366,0,0.3137781620025635
600_30_0,INSERTION_SMALLER,143,144,115,151,INSERTION_SMALLER,143,145,0.6958878040313721
600_30_1,INSERTION_SMALLER,331,332,148,48,INSERTION_SMALLER,330,331,0.8520114421844482
600_30_2,INSERTION_SMALLER,322,323,118,54,INSERTION_SMALLER,321,322,0.6760985851287842
600_30_3,INSERTION_SMALLER,195,196,114,100,TRANSLOCATION,194,0,0.6865963935852051
600_30_4,INSERTION_SMALLER,80,81,160,168,INSERTION_SMALLER,79,80,0.9986512660980225
600_35_0,INSERTION_SMALLER,256,257,124,149,TRANSLOCATION,255,0,0.7788071632385254
600_35_1,INSERTION_SMALLER,430,431,132,30,INSERTION_SMALLER,428,430,0.7893908023834229
600_35_2,INSERTION_SMALLER,477,478,133,114,TANDEM,476,477,0.8240463733673096
600_35_3,INSERTION_SMALLER,459,460,109,42,INSERTION_SMALLER,458,460,0.6484301090240479
600_35_4,INSERTION_SMALLER,211,212,131,180,INSERTION_SMALLER,210,211,0.854231595993042
600_40_0,INSERTION_SMALLER,507,508,100,171,TANDEM,506,507,0.6962699890136719
600_40_1,INSERTION_SMALLER,385,386,145,185,INSERTION_SMALLER,383,385,0.9646165370941162
600_40_2,INSERTION_SMALLER,206,207,136,197,TANDEM,205,188,0.9007022380828857
600_40_3,INSERTION_SMALLER,96,97,101,103,TANDEM,95,96,0.6585831642150879
600_40_4,INSERTION_SMALLER,272,273,125,107,INSERTION_SMALLER,271,272,0.8216941356658936
600_45_0,INSERTION_SMALLER,518,519,101,27,INSERTION_SMALLER,517,518,0.6583340167999268
600_45_1,INSERTION_SMALLER,339,340,85,45,INSERTION_SMALLER,331,338,0.5595693588256836
600_45_2,INSERTION_SMALLER,379,380,107,134,INSERTION_SMALLER,378,379,0.7351436614990234
600_45_3,INSERTION_SMALLER,123,124,104,143,INSERTION_SMALLER,120,123,0.7186810970306396
600_45_4,INSERTION_SMALLER,107,108,87,168,TANDEM,105,106,0.5998318195343018
600_50_0,INSERTION_SMALLER,310,311,73,87,INSERTION_SMALLER,310,316,0.5116579532623291
600_50_1,INSERTION_SMALLER,484,485,92,73,INSERTION_SMALLER,482,484,0.6428797245025635
600_50_2,INSERTION_SMALLER,208,209,82,86,INSERTION_SMALLER,206,208,0.573411226272583
600_50_3,INSERTION_SMALLER,420,421,82,185,TRANSLOCATION,431,0,0.5901684761047363
600_50_4,INSERTION_SMALLER,235,236,64,62,INSERTION_SMALLER,234,236,0.4470958709716797
600_55_0,INSERTION_SMALLER,98,99,75,142,INSERTION_SMALLER,97,98,0.56229567527771
600_55_1,INSERTION_SMALLER,283,284,78,89,INSERTION_SMALLER,282,283,0.5695457458496094
600_55_2,INSERTION_SMALLER,227,228,63,88,INSERTION_SMALLER,226,227,0.46617841720581055
600_55_3,INSERTION_SMALLER,147,148,73,98,INSERTION_SMALLER,146,147,0.5382540225982666
600_55_4,INSERTION_SMALLER,217,218,71,165,INVERSION,217,216,0.5309603214263916
600_60_0,INSERTION_SMALLER,297,298,63,125,INSERTION_SMALLER,296,297,0.4760701656341553
600_60_1,INSERTION_SMALLER,129,130,51,122,INSERTION_SMALLER,128,129,0.3964982032775879
600_60_2,INSERTION_SMALLER,116,117,69,145,INSERTION_SMALLER,106,113,0.5345818996429443
600_60_3,INSERTION_SMALLER,269,270,57,197,INVERSION,269,284,0.4436657428741455
600_60_4,INSERTION_SMALLER,286,287,61,80,INSERTION_SMALLER,285,286,0.46404314041137695
600_65_0,INSERTION_SMALLER,418,419,58,83,INSERTION_SMALLER,403,417,0.44885778427124023
600_65_1,INSERTION_SMALLER,321,322,54,174,TRANSLOCATION,320,0,0.43613147735595703
600_65_2,INSERTION_SMALLER,361,362,44,102,INSERTION_SMALLER,359,361,0.3458139896392822
600_65_3,INSERTION_SMALLER,99,100,80,107,INSERTION_SMALLER,99,114,0.6341018676757812
600_65_4,INSERTION_SMALLER,449,450,42,107,TRANSLOCATION,443,0,0.3330416679382324
600_70_0,INSERTION_SMALLER,431,432,41,47,INSERTION_SMALLER,414,430,0.3238694667816162
600_70_1,INSERTION_SMALLER,170,171,43,149,INSERTION_SMALLER,170,188,0.3590357303619385
600_70_2,INSERTION_SMALLER,317,318,50,83,INSERTION_SMALLER,287,316,0.4102194309234619
600_70_3,INSERTION_SMALLER,447,448,74,100,INSERTION_SMALLER,435,452,0.5906174182891846
600_70_4,INSERTION_SMALLER,274,275,52,139,INSERTION_SMALLER,272,275,0.4231526851654053
600_75_0,INSERTION_SMALLER,231,232,60,171,INSERTION_SMALLER,227,230,0.5169734954833984
600_75_1,INSERTION_SMALLER,306,307,57,195,INSERTION_SMALLER,293,305,0.49312877655029297
600_75_2,INSERTION_SMALLER,200,201,59,120,INSERTION_SMALLER,199,200,0.4892604351043701
600_75_3,INSERTION_SMALLER,433,434,57,123,INSERTION_SMALLER,420,431,0.4749884605407715
600_75_4,INSERTION_SMALLER,343,344,42,85,INSERTION_SMALLER,332,342,0.34171533584594727
700_30_0,INSERTION_SMALLER,456,457,132,80,INSERTION_SMALLER,444,455,0.9629597663879395
700_30_1,INSERTION_SMALLER,272,273,145,148,TRANSLOCATION,272,0,1.0607731342315674
700_30_2,INSERTION_SMALLER,300,301,177,224,INSERTION_SMALLER,299,300,1.3661656379699707
700_30_3,INSERTION_SMALLER,290,291,121,174,INSERTION_SMALLER,283,289,0.9132962226867676
700_30_4,INSERTION_SMALLER,277,278,140,205,TANDEM,282,277,1.030858039855957
700_35_0,INSERTION_SMALLER,329,330,134,167,INSERTION_SMALLER,328,329,1.0344970226287842
700_35_1,INSERTION_SMALLER,481,482,100,85,INSERTION_SMALLER,480,481,0.7628390789031982
700_35_2,INSERTION_SMALLER,551,552,124,26,INSERTION_SMALLER,550,551,0.9253931045532227
700_35_3,INSERTION_SMALLER,536,537,127,183,TRANSLOCATION,536,0,1.0082242488861084
700_35_4,INSERTION_SMALLER,420,421,130,136,INSERTION_SMALLER,418,420,0.9994490146636963
700_40_0,INSERTION_SMALLER,228,229,153,226,INSERTION_SMALLER,227,229,1.264744520187378
700_40_1,INSERTION_SMALLER,333,334,114,90,INSERTION_SMALLER,333,347,0.9164235591888428
700_40_2,INSERTION_SMALLER,579,580,107,28,INSERTION_SMALLER,578,579,0.8373024463653564
700_40_3,INSERTION_SMALLER,376,377,84,172,TRANSLOCATION,376,0,0.7053003311157227
700_40_4,INSERTION_SMALLER,428,429,108,181,INSERTION_SMALLER,424,428,0.8946356773376465
700_45_0,INSERTION_SMALLER,394,395,70,114,INVERSION,394,392,0.5742514133453369
700_45_1,INSERTION_SMALLER,108,109,72,138,INSERTION_SMALLER,106,107,0.6110975742340088
700_45_2,INSERTION_SMALLER,562,563,96,32,INSERTION_SMALLER,561,562,0.7663300037384033
700_45_3,INSERTION_SMALLER,498,499,95,108,INSERTION_SMALLER,497,498,0.7907853126525879
700_45_4,INSERTION_SMALLER,129,130,114,227,INSERTION_SMALLER,128,129,1.0039215087890625
700_50_0,INSERTION_SMALLER,378,379,63,72,TRANSLOCATION,356,0,0.5496935844421387
700_50_1,INSERTION_SMALLER,149,150,77,200,INSERTION_SMALLER,148,150,0.6913175582885742
700_50_2,INSERTION_SMALLER,502,503,117,159,INSERTION_SMALLER,477,500,1.0503244400024414
700_50_3,INSERTION_SMALLER,505,506,136,195,TANDEM,503,505,1.2339179515838623
700_50_4,INSERTION_SMALLER,443,444,92,71,INSERTION_SMALLER,442,445,0.7910416126251221
700_55_0,INSERTION_SMALLER,311,312,60,56,INSERTION_BIGGER,310,311,0.5266087055206299
700_55_1,INSERTION_SMALLER,452,453,63,53,INSERTION_SMALLER,451,452,0.5559873580932617
700_55_2,INSERTION_SMALLER,442,443,97,193,TANDEM,441,443,0.9079365730285645
700_55_3,INSERTION_SMALLER,355,356,98,112,INSERTION_SMALLER,354,355,0.8914213180541992
700_55_4,INSERTION_SMALLER,516,517,59,65,INSERTION_SMALLER,515,516,0.5313642024993896
700_60_0,INSERTION_SMALLER,576,577,52,42,TRANSLOCATION,576,0,0.478771448135376
700_60_1,INSERTION_SMALLER,262,263,53,107,INSERTION_SMALLER,260,263,0.5135188102722168
700_60_2,INSERTION_SMALLER,192,193,66,139,INSERTION_SMALLER,195,212,0.6273226737976074
700_60_3,INSERTION_SMALLER,142,143,58,103,INSERTION_SMALLER,141,142,0.5551667213439941
700_60_4,INSERTION_SMALLER,537,538,76,203,INSERTION_SMALLER,537,540,0.7518219947814941
700_65_0,INSERTION_SMALLER,357,358,87,207,TANDEM,356,357,0.8795106410980225
700_65_1,INSERTION_SMALLER,520,521,64,177,TANDEM,518,521,0.6427052021026611
700_65_2,INSERTION_SMALLER,317,318,58,113,INSERTION_SMALLER,316,318,0.5693631172180176
700_65_3,INSERTION_SMALLER,273,274,56,103,TANDEM,271,273,0.5355358123779297
700_65_4,INSERTION_SMALLER,348,349,58,67,INSERTION_SMALLER,347,348,0.5550525188446045
700_70_0,INSERTION_SMALLER,262,263,73,229,INSERTION_SMALLER,261,262,0.7761397361755371
700_70_1,INSERTION_SMALLER,394,395,57,156,INSERTION_SMALLER,393,394,0.5866320133209229
700_70_2,INSERTION_SMALLER,234,235,50,103,TRANSLOCATION,234,0,0.5340662002563477
700_70_3,INSERTION_SMALLER,269,270,56,144,INSERTION_SMALLER,268,269,0.5703954696655273
700_70_4,INSERTION_SMALLER,395,396,39,55,INSERTION_SMALLER,387,394,0.38674020767211914
700_75_0,INSERTION_SMALLER,247,248,47,139,INSERTION_SMALLER,246,247,0.49807071685791016
700_75_1,INSERTION_SMALLER,292,293,36,96,INSERTION_SMALLER,260,291,0.37416672706604004
700_75_2,INSERTION_SMALLER,174,175,57,143,INSERTION_SMALLER,174,204,0.6058833599090576
700_75_3,INSERTION_SMALLER,194,195,43,133,INSERTION_SMALLER,193,195,0.44991469383239746
700_75_4,INSERTION_SMALLER,458,459,45,134,INSERTION_SMALLER,457,458,0.47493696212768555
800_30_0,INSERTION_SMALLER,205,206,147,59,INSERTION_SMALLER,204,206,1.2723088264465332
800_30_1,INSERTION_SMALLER,417,418,138,162,INSERTION_SMALLER,418,428,1.2426776885986328
800_30_2,INSERTION_SMALLER,138,139,143,31,INSERTION_SMALLER,137,138,1.2361810207366943
800_30_3,INSERTION_SMALLER,501,502,111,102,TRANSLOCATION,501,0,0.9823887348175049
800_30_4,INSERTION_SMALLER,246,247,119,154,INSERTION_SMALLER,245,246,1.0820307731628418
800_35_0,INSERTION_SMALLER,502,503,124,160,INSERTION_SMALLER,488,501,1.149460792541504
800_35_1,INSERTION_SMALLER,675,676,114,73,INSERTION_SMALLER,674,675,1.0428640842437744
800_35_2,INSERTION_SMALLER,496,497,83,149,INSERTION_SMALLER,495,497,0.7947478294372559
800_35_3,INSERTION_SMALLER,669,670,105,148,INSERTION_SMALLER,647,668,0.9991772174835205
800_35_4,INSERTION_SMALLER,151,152,101,65,INSERTION_SMALLER,150,151,0.9326608180999756
800_40_0,INSERTION_SMALLER,698,699,94,83,INSERTION_SMALLER,697,698,0.9165966510772705
800_40_1,INSERTION_SMALLER,498,499,124,203,TANDEM,497,483,1.247265100479126
800_40_2,INSERTION_SMALLER,165,166,103,102,INSERTION_SMALLER,166,185,1.0105600357055664
800_40_3,INSERTION_SMALLER,657,658,129,237,INVERSION,657,656,1.3124103546142578
800_40_4,INSERTION_SMALLER,266,267,95,106,INSERTION_SMALLER,265,266,0.9505865573883057
800_45_0,INSERTION_SMALLER,151,152,64,99,INSERTION_SMALLER,151,169,0.6459577083587646
800_45_1,INSERTION_SMALLER,518,519,76,235,INSERTION_SMALLER,516,518,0.8205013275146484
800_45_2,INSERTION_SMALLER,247,248,66,58,INSERTION_SMALLER,245,247,0.6688482761383057
800_45_3,INSERTION_SMALLER,542,543,77,149,TANDEM,541,525,0.7939109802246094
800_45_4,INSERTION_SMALLER,650,651,89,227,INSERTION_SMALLER,649,650,0.9391722679138184
800_50_0,INSERTION_SMALLER,149,150,67,94,INSERTION_SMALLER,147,149,0.7030847072601318
800_50_1,INSERTION_SMALLER,244,245,78,264,INSERTION_SMALLER,243,244,0.881380558013916
800_50_2,INSERTION_SMALLER,478,479,85,217,TRANSLOCATION,478,0,0.9350759983062744
800_50_3,INSERTION_SMALLER,375,376,89,222,TANDEM,374,375,0.9975318908691406
800_50_4,INSERTION_SMALLER,168,169,66,154,INSERTION_SMALLER,167,171,0.7092530727386475
800_55_0,INSERTION_SMALLER,426,427,56,83,DELETION,411,425,0.6027379035949707
800_55_1,INSERTION_SMALLER,216,217,87,235,INSERTION_SMALLER,185,215,1.0122647285461426
800_55_2,INSERTION_SMALLER,501,502,103,135,INSERTION_SMALLER,499,503,1.158756971359253
800_55_3,INSERTION_SMALLER,506,507,59,92,INSERTION_SMALLER,505,506,0.6531693935394287
800_55_4,INSERTION_SMALLER,254,255,75,199,TANDEM,252,254,0.8513224124908447
800_60_0,INSERTION_SMALLER,595,596,58,181,INSERTION_SMALLER,594,596,0.6845455169677734
800_60_1,INSERTION_SMALLER,291,292,68,216,TANDEM,289,290,0.8169732093811035
800_60_2,INSERTION_SMALLER,403,404,67,257,TRANSLOCATION,403,0,0.8135826587677002
800_60_3,INSERTION_SMALLER,413,414,58,144,INVERSION,413,412,0.6864042282104492
800_60_4,INSERTION_SMALLER,540,541,65,144,INSERTION_SMALLER,509,539,0.750330924987793
800_65_0,INSERTION_SMALLER,355,356,70,218,TANDEM,353,355,0.8591105937957764
800_65_1,INSERTION_SMALLER,553,554,62,200,TRANSLOCATION,542,0,0.7636892795562744
800_65_2,INSERTION_SMALLER,406,407,49,75,INSERTION_SMALLER,406,419,0.5816221237182617
800_65_3,INSERTION_SMALLER,527,528,59,131,TANDEM,526,527,0.7012379169464111
800_65_4,INSERTION_SMALLER,506,507,65,53,INSERTION_BIGGER,488,505,0.7822561264038086
800_70_0,INSERTION_SMALLER,607,608,43,126,INSERTION_SMALLER,587,606,0.5329720973968506
800_70_1,INSERTION_SMALLER,372,373,49,62,INSERTION_SMALLER,369,372,0.6090083122253418
800_70_2,INSERTION_SMALLER,301,302,48,149,INSERTION_SMALLER,301,333,0.6027605533599854
800_70_3,INSERTION_SMALLER,506,507,40,106,INSERTION_SMALLER,504,506,0.4910697937011719
800_70_4,INSERTION_SMALLER,462,463,59,98,INSERTION_SMALLER,461,463,0.7314963340759277
800_75_0,INSERTION_SMALLER,583,584,67,243,TANDEM,582,583,0.8898453712463379
800_75_1,INSERTION_SMALLER,500,501,56,109,INSERTION_SMALLER,468,499,0.7177064418792725
800_75_2,INSERTION_SMALLER,287,288,36,94,INSERTION_SMALLER,284,287,0.4601776599884033
800_75_3,INSERTION_SMALLER,523,524,50,118,INSERTION_SMALLER,522,523,0.653489351272583
800_75_4,INSERTION_SMALLER,471,472,57,131,TANDEM,470,447,0.7334814071655273
900_30_0,INSERTION_SMALLER,264,265,131,113,INSERTION_SMALLER,263,264,1.3394191265106201
900_30_1,INSERTION_SMALLER,686,687,207,108,INSERTION_SMALLER,685,686,2.1496074199676514
900_30_2,INSERTION_SMALLER,144,145,139,246,INSERTION_SMALLER,143,144,1.5038378238677979
900_30_3,INSERTION_SMALLER,603,604,163,125,INSERTION_SMALLER,602,603,1.701930284500122
900_30_4,INSERTION_SMALLER,125,126,145,126,INSERTION_SMALLER,124,125,1.4964077472686768
900_35_0,INSERTION_SMALLER,689,690,149,238,INSERTION_SMALLER,686,689,1.6867585182189941
900_35_1,INSERTION_SMALLER,504,505,106,166,TANDEM,503,504,1.159731388092041
900_35_2,INSERTION_SMALLER,113,114,147,138,INVERSION,113,112,1.6135594844818115
900_35_3,INSERTION_SMALLER,481,482,136,76,INSERTION_SMALLER,481,501,1.4437353610992432
900_35_4,INSERTION_SMALLER,767,768,141,36,INSERTION_SMALLER,765,767,1.5118536949157715
900_40_0,INSERTION_SMALLER,291,292,118,278,INSERTION_SMALLER,289,291,1.402402400970459
900_40_1,INSERTION_SMALLER,665,666,138,251,INSERTION_SMALLER,641,664,1.652787208557129
900_40_2,INSERTION_SMALLER,253,254,80,239,INSERTION_SMALLER,239,252,0.9554250240325928
900_40_3,INSERTION_SMALLER,726,727,135,218,TANDEM,740,726,1.6361515522003174
900_40_4,INSERTION_SMALLER,301,302,89,218,INSERTION_SMALLER,295,299,1.0427379608154297
900_45_0,INSERTION_SMALLER,286,287,86,136,INSERTION_SMALLER,269,309,1.0753357410430908
900_45_1,INSERTION_SMALLER,176,177,69,44,INSERTION_SMALLER,175,176,0.8020234107971191
900_45_2,INSERTION_SMALLER,553,554,109,246,INSERTION_SMALLER,531,555,1.366847276687622
900_45_3,INSERTION_SMALLER,335,336,82,174,TANDEM,334,335,1.003654956817627
900_45_4,INSERTION_SMALLER,614,615,79,126,TRANSLOCATION,614,0,0.9578156471252441
900_50_0,INSERTION_SMALLER,165,166,67,134,INSERTION_SMALLER,148,164,0.8526031970977783
900_50_1,INSERTION_SMALLER,769,770,97,118,INSERTION_SMALLER,765,768,1.2271616458892822
900_50_2,INSERTION_SMALLER,143,144,98,255,INSERTION_SMALLER,129,154,1.2787127494812012
900_50_3,INSERTION_SMALLER,202,203,67,103,INSERTION_SMALLER,199,211,0.8601698875427246
900_50_4,INSERTION_SMALLER,501,502,73,48,INSERTION_SMALLER,489,500,0.8860547542572021
900_55_0,INSERTION_SMALLER,237,238,78,273,TANDEM,234,237,1.0736298561096191
900_55_1,INSERTION_SMALLER,543,544,65,220,INSERTION_SMALLER,522,542,0.879112720489502
900_55_2,INSERTION_SMALLER,576,577,65,198,TANDEM,592,579,0.876387357711792
900_55_3,INSERTION_SMALLER,527,528,96,286,INVERSION,527,526,1.2958784103393555
900_55_4,INSERTION_SMALLER,205,206,67,265,TANDEM,204,205,0.9290347099304199
900_60_0,INSERTION_SMALLER,659,660,58,269,INSERTION_SMALLER,900,900,0.8198606967926025
900_60_1,INSERTION_SMALLER,465,466,83,287,INSERTION_SMALLER,464,465,1.1976664066314697
900_60_2,INSERTION_SMALLER,179,180,45,115,INSERTION_SMALLER,153,188,0.6324679851531982
900_60_3,INSERTION_SMALLER,717,718,49,288,INSERTION_SMALLER,718,734,0.7007181644439697
900_60_4,INSERTION_SMALLER,544,545,61,70,TRANSLOCATION,545,0,0.8212049007415771
900_65_0,INSERTION_SMALLER,261,262,62,169,INSERTION_SMALLER,259,262,0.902428150177002
900_65_1,INSERTION_SMALLER,504,505,56,104,INSERTION_SMALLER,503,505,0.7975144386291504
900_65_2,INSERTION_SMALLER,374,375,52,84,INSERTION_SMALLER,373,374,0.7345590591430664
900_65_3,INSERTION_SMALLER,156,157,54,85,INSERTION_SMALLER,154,155,0.7677052021026611
900_65_4,INSERTION_SMALLER,408,409,57,150,INSERTION_SMALLER,405,407,0.8253533840179443
900_70_0,INSERTION_SMALLER,533,534,53,111,INSERTION_SMALLER,532,533,0.7704403400421143
900_70_1,INSERTION_SMALLER,677,678,65,185,INSERTION_SMALLER,676,677,0.9869427680969238
900_70_2,INSERTION_SMALLER,646,647,66,285,INSERTION_SMALLER,639,644,1.017784595489502
900_70_3,INSERTION_SMALLER,438,439,47,143,INSERTION_SMALLER,437,438,0.7111485004425049
900_70_4,INSERTION_SMALLER,432,433,51,220,INSERTION_SMALLER,431,432,0.7864925861358643
900_75_0,INSERTION_SMALLER,390,391,70,289,INVERSION,377,389,1.1215367317199707
900_75_1,INSERTION_SMALLER,433,434,63,223,TANDEM,430,409,0.9908556938171387
900_75_2,INSERTION_SMALLER,274,275,44,124,INSERTION_SMALLER,275,305,0.6733283996582031
900_75_3,INSERTION_SMALLER,551,552,51,279,INSERTION_SMALLER,544,549,0.8139224052429199
900_75_4,INSERTION_SMALLER,708,709,46,104,INSERTION_SMALLER,707,708,0.6971955299377441
1000_30_0,INSERTION_SMALLER,361,362,130,187,INSERTION_SMALLER,353,362,1.5572278499603271
1000_30_1,INSERTION_SMALLER,727,728,157,289,INSERTION_SMALLER,725,727,1.9607982635498047
1000_30_2,INSERTION_SMALLER,219,220,114,151,TANDEM,218,219,1.3505303859710693
1000_30_3,INSERTION_SMALLER,817,818,196,223,INSERTION_SMALLER,808,815,2.426788091659546
1000_30_4,INSERTION_SMALLER,316,317,156,180,INSERTION_SMALLER,315,316,1.9375832080841064
1000_35_0,INSERTION_SMALLER,662,663,151,147,TANDEM,661,663,1.9444489479064941
1000_35_1,INSERTION_SMALLER,830,831,106,230,TANDEM,829,830,1.3696658611297607
1000_35_2,INSERTION_SMALLER,575,576,135,111,INSERTION_SMALLER,575,580,1.6801562309265137
1000_35_3,INSERTION_SMALLER,328,329,82,110,INSERTION_SMALLER,325,327,1.0389907360076904
1000_35_4,INSERTION_SMALLER,331,332,184,227,INSERTION_SMALLER,330,331,2.432551622390747
1000_40_0,INSERTION_SMALLER,289,290,139,290,INSERTION_SMALLER,288,289,1.9456918239593506
1000_40_1,INSERTION_SMALLER,252,253,85,85,TANDEM,249,252,1.1087212562561035
1000_40_2,INSERTION_SMALLER,529,530,96,324,INSERTION_SMALLER,528,529,1.3312888145446777
1000_40_3,INSERTION_SMALLER,658,659,76,173,TANDEM,657,659,1.0390362739562988
1000_40_4,INSERTION_SMALLER,134,135,132,306,INSERTION_SMALLER,133,134,1.8585104942321777
1000_45_0,INSERTION_SMALLER,862,863,96,135,INSERTION_SMALLER,859,864,1.370030164718628
1000_45_1,INSERTION_SMALLER,524,525,103,261,INSERTION_SMALLER,519,521,1.5114665031433105
1000_45_2,INSERTION_SMALLER,651,652,87,153,INSERTION_SMALLER,626,650,1.2555582523345947
1000_45_3,INSERTION_SMALLER,413,414,85,150,TANDEM,412,394,1.2080674171447754
1000_45_4,INSERTION_SMALLER,553,554,89,49,INSERTION_BIGGER,552,553,1.2141203880310059
1000_50_0,INSERTION_SMALLER,209,210,91,231,INSERTION_SMALLER,199,208,1.3872008323669434
1000_50_1,INSERTION_SMALLER,756,757,69,171,INSERTION_SMALLER,748,758,1.0381860733032227
1000_50_2,INSERTION_SMALLER,506,507,72,97,TANDEM,538,494,1.0914576053619385
1000_50_3,INSERTION_SMALLER,396,397,85,272,TANDEM,395,367,1.299739122390747
1000_50_4,INSERTION_SMALLER,476,477,85,261,INVERSION,471,474,1.3036611080169678
1000_55_0,INSERTION_SMALLER,251,252,56,118,INSERTION_SMALLER,250,251,0.8747220039367676
1000_55_1,INSERTION_SMALLER,274,275,53,114,TANDEM,273,247,0.8379511833190918
1000_55_2,INSERTION_SMALLER,432,433,90,234,INSERTION_SMALLER,417,431,1.4325549602508545
1000_55_3,INSERTION_SMALLER,820,821,58,268,INSERTION_SMALLER,787,819,0.9233274459838867
1000_55_4,INSERTION_SMALLER,525,526,59,303,INSERTION_SMALLER,497,522,0.9621663093566895
1000_60_0,INSERTION_SMALLER,642,643,80,199,INSERTION_SMALLER,603,641,1.3324015140533447
1000_60_1,INSERTION_SMALLER,769,770,63,247,INVERSION,769,767,1.0509867668151855
1000_60_2,INSERTION_SMALLER,683,684,103,266,INSERTION_SMALLER,645,682,1.707787275314331
1000_60_3,INSERTION_SMALLER,426,427,73,95,INSERTION_SMALLER,425,426,1.188913106918335
1000_60_4,INSERTION_SMALLER,409,410,57,273,TRANSLOCATION,434,0,0.9566807746887207
1000_65_0,INSERTION_SMALLER,763,764,50,86,INSERTION_SMALLER,762,764,0.8366694450378418
1000_65_1,INSERTION_SMALLER,603,604,59,172,INSERTION_SMALLER,602,603,1.0007669925689697
1000_65_2,INSERTION_SMALLER,522,523,50,78,INSERTION_BIGGER,493,520,0.8373169898986816
1000_65_3,INSERTION_SMALLER,775,776,56,256,INSERTION_SMALLER,773,775,0.95526123046875
1000_65_4,INSERTION_SMALLER,277,278,58,181,INSERTION_SMALLER,278,282,0.9980177879333496
1000_70_0,INSERTION_SMALLER,551,552,57,292,TANDEM,550,551,1.052978515625
1000_70_1,INSERTION_SMALLER,475,476,63,161,TANDEM,474,477,1.1297674179077148
1000_70_2,INSERTION_SMALLER,668,669,42,73,INSERTION_BIGGER,649,667,0.7304067611694336
1000_70_3,INSERTION_SMALLER,249,250,62,261,INSERTION_SMALLER,248,249,1.164271593093872
1000_70_4,INSERTION_SMALLER,269,270,49,108,INSERTION_SMALLER,270,277,0.8707718849182129
1000_75_0,INSERTION_SMALLER,325,326,44,94,INSERTION_BIGGER,326,375,0.8099439144134521
1000_75_1,INSERTION_SMALLER,583,584,54,186,INSERTION_SMALLER,583,610,0.9909591674804688
1000_75_2,INSERTION_SMALLER,426,427,43,280,DELETION,426,425,0.8061623573303223
1000_75_3,INSERTION_SMALLER,775,776,45,189,TRANSLOCATION,774,0,0.8182075023651123
1000_75_4,INSERTION_SMALLER,620,621,41,304,INSERTION_SMALLER,594,619,0.7808704376220703
1100_30_0,INSERTION_SMALLER,225,226,124,173,INSERTION_SMALLER,224,226,1.7709546089172363
1100_30_1,INSERTION_SMALLER,704,705,126,317,TANDEM,703,704,1.7830619812011719
1100_30_2,INSERTION_SMALLER,956,957,157,333,INSERTION_SMALLER,952,955,2.222750186920166
1100_30_3,INSERTION_SMALLER,936,937,121,355,INSERTION_SMALLER,935,938,1.7491624355316162
1100_30_4,INSERTION_SMALLER,1007,1008,164,291,INSERTION_SMALLER,998,1006,2.2801671028137207
1100_35_0,INSERTION_SMALLER,243,244,144,366,TANDEM,265,226,2.2184550762176514
1100_35_1,INSERTION_SMALLER,904,905,139,184,DELETION,904,903,2.033458709716797
1100_35_2,INSERTION_SMALLER,299,300,94,273,INVERSION,299,298,1.4160566329956055
1100_35_3,INSERTION_SMALLER,419,420,76,52,TRANSLOCATION,422,0,1.1059176921844482
1100_35_4,INSERTION_SMALLER,836,837,94,303,INVERSION,836,835,1.4394378662109375
1100_40_0,INSERTION_SMALLER,931,932,133,359,INSERTION_SMALLER,929,931,2.111180067062378
1100_40_1,INSERTION_SMALLER,772,773,95,184,INSERTION_SMALLER,771,772,1.4948410987854004
1100_40_2,INSERTION_SMALLER,437,438,88,167,INSERTION_SMALLER,435,437,1.3768455982208252
1100_40_3,INSERTION_SMALLER,891,892,92,336,INSERTION_SMALLER,890,891,1.5168533325195312
1100_40_4,INSERTION_SMALLER,494,495,107,58,INVERSION,494,493,1.6047906875610352
1100_45_0,INSERTION_SMALLER,361,362,73,169,INSERTION_SMALLER,361,372,1.2170848846435547
1100_45_1,INSERTION_SMALLER,287,288,95,256,TRANSLOCATION,286,0,1.6184885501861572
1100_45_2,INSERTION_SMALLER,744,745,95,101,INSERTION_SMALLER,745,763,1.5568304061889648
1100_45_3,INSERTION_SMALLER,621,622,142,316,INSERTION_SMALLER,596,633,2.364333152770996
1100_45_4,INSERTION_SMALLER,661,662,95,155,INSERTION_SMALLER,659,661,1.529693365097046
1100_50_0,INSERTION_SMALLER,701,702,69,90,INSERTION_SMALLER,700,701,1.1620571613311768
1100_50_1,INSERTION_SMALLER,224,225,75,126,TANDEM,253,226,1.3085684776306152
1100_50_2,INSERTION_SMALLER,315,316,110,226,INSERTION_SMALLER,288,313,1.8998067378997803
1100_50_3,INSERTION_SMALLER,649,650,100,307,TANDEM,653,649,1.7577307224273682
1100_50_4,INSERTION_SMALLER,885,886,86,140,INSERTION_SMALLER,887,902,1.4569511413574219
1100_55_0,INSERTION_SMALLER,676,677,95,138,INSERTION_SMALLER,631,675,1.6869769096374512
1100_55_1,INSERTION_SMALLER,310,311,80,321,INSERTION_SMALLER,307,311,1.4629905223846436
1100_55_2,INSERTION_SMALLER,696,697,61,164,INSERTION_SMALLER,669,719,1.0875043869018555
1100_55_3,INSERTION_SMALLER,447,448,65,105,INSERTION_SMALLER,446,447,1.147247552871704
1100_55_4,INSERTION_SMALLER,843,844,63,283,INSERTION_SMALLER,820,841,1.1467421054840088
1100_60_0,INSERTION_SMALLER,212,213,85,240,TANDEM,210,211,1.6575982570648193
1100_60_1,INSERTION_SMALLER,743,744,77,116,INSERTION_SMALLER,720,741,1.4098825454711914
1100_60_2,INSERTION_SMALLER,860,861,57,88,INSERTION_SMALLER,859,860,1.0362300872802734
1100_60_3,INSERTION_SMALLER,744,745,60,255,TANDEM,742,744,1.146723985671997
1100_60_4,INSERTION_SMALLER,767,768,58,272,INSERTION_SMALLER,766,767,1.1310458183288574
1100_65_0,INSERTION_SMALLER,385,386,56,99,INSERTION_SMALLER,345,383,1.0715413093566895
1100_65_1,INSERTION_SMALLER,324,325,64,229,INSERTION_SMALLER,314,367,1.2584924697875977
1100_65_2,INSERTION_SMALLER,588,589,45,100,TRANSLOCATION,567,0,0.8756210803985596
1100_65_3,INSERTION_SMALLER,373,374,63,147,DELETION,373,372,1.208763599395752
1100_65_4,INSERTION_SMALLER,840,841,68,338,INSERTION_SMALLER,840,855,1.3738219738006592
1100_70_0,INSERTION_SMALLER,326,327,45,81,TRANSLOCATION,325,0,0.9151382446289062
1100_70_1,INSERTION_SMALLER,269,270,40,79,INSERTION_BIGGER,269,321,0.7993099689483643
1100_70_2,INSERTION_SMALLER,621,622,47,179,INSERTION_SMALLER,618,619,0.9496290683746338
1100_70_3,INSERTION_SMALLER,666,667,57,250,INSERTION_SMALLER,665,667,1.1479294300079346
1100_70_4,INSERTION_SMALLER,245,246,49,147,INSERTION_SMALLER,216,244,1.0034899711608887
1100_75_0,INSERTION_SMALLER,533,534,50,304,INSERTION_SMALLER,531,536,1.0886468887329102
1100_75_1,INSERTION_SMALLER,775,776,45,184,INVERSION,760,771,0.9444441795349121
1100_75_2,INSERTION_SMALLER,620,621,37,169,TANDEM,619,610,0.7849276065826416
1100_75_3,INSERTION_SMALLER,710,711,64,233,INSERTION_SMALLER,682,754,1.3749802112579346
1100_75_4,INSERTION_SMALLER,489,490,59,94,INSERTION_SMALLER,488,489,1.2263484001159668
1200_30_0,INSERTION_SMALLER,330,331,109,185,INSERTION_SMALLER,329,330,1.6681342124938965
1200_30_1,INSERTION_SMALLER,787,788,123,50,INSERTION_SMALLER,787,793,1.8192732334136963
1200_30_2,INSERTION_SMALLER,877,878,146,165,INSERTION_SMALLER,869,871,2.267416477203369
1200_30_3,INSERTION_SMALLER,1049,1050,127,264,TRANSLOCATION,1041,0,1.9867401123046875
1200_30_4,INSERTION_SMALLER,258,259,223,334,INSERTION_SMALLER,257,258,3.5077736377716064
1200_35_0,INSERTION_SMALLER,999,1000,85,136,TANDEM,998,999,1.3838739395141602
1200_35_1,INSERTION_SMALLER,193,194,99,190,INSERTION_SMALLER,187,192,1.6501834392547607
1200_35_2,INSERTION_SMALLER,133,134,91,54,TRANSLOCATION,135,0,1.4647741317749023
1200_35_3,INSERTION_SMALLER,944,945,110,307,INSERTION_SMALLER,941,943,1.841468095779419
1200_35_4,INSERTION_SMALLER,174,175,113,333,INSERTION_SMALLER,173,174,1.9358601570129395
1200_40_0,INSERTION_SMALLER,343,344,101,392,INSERTION_SMALLER,322,342,1.854496955871582
1200_40_1,INSERTION_SMALLER,170,171,100,106,INSERTION_SMALLER,169,170,1.7392632961273193
1200_40_2,INSERTION_SMALLER,784,785,118,184,INSERTION_SMALLER,783,784,2.0633113384246826
1200_40_3,INSERTION_SMALLER,679,680,78,158,TRANSLOCATION,672,0,1.3647868633270264
1200_40_4,INSERTION_SMALLER,474,475,103,259,INSERTION_SMALLER,473,474,1.8350896835327148
1200_45_0,INSERTION_SMALLER,637,638,76,64,INSERTION_SMALLER,636,638,1.3641102313995361
1200_45_1,INSERTION_SMALLER,456,457,99,141,INSERTION_SMALLER,453,461,1.7792870998382568
1200_45_2,INSERTION_SMALLER,774,775,92,246,INSERTION_SMALLER,771,774,1.7236018180847168
1200_45_3,INSERTION_SMALLER,612,613,97,331,TRANSLOCATION,638,0,1.8539175987243652
1200_45_4,INSERTION_SMALLER,668,669,91,93,INSERTION_SMALLER,667,668,1.630950689315796
1200_50_0,INSERTION_SMALLER,782,783,58,203,TRANSLOCATION,783,0,1.1127173900604248
1200_50_1,INSERTION_SMALLER,517,518,69,236,TANDEM,516,515,1.3852927684783936
1200_50_2,INSERTION_SMALLER,538,539,59,176,INSERTION_SMALLER,537,538,1.1548166275024414
1200_50_3,INSERTION_SMALLER,645,646,64,123,INSERTION_SMALLER,645,669,1.2296810150146484
1200_50_4,INSERTION_SMALLER,740,741,86,195,INSERTION_SMALLER,724,771,1.6851305961608887
1200_55_0,INSERTION_SMALLER,396,397,102,262,INSERTION_SMALLER,357,407,2.139285087585449
1200_55_1,INSERTION_SMALLER,643,644,97,125,INVERSION,643,642,1.9697294235229492
1200_55_2,INSERTION_SMALLER,345,346,79,122,TANDEM,344,309,1.6047337055206299
1200_55_3,INSERTION_SMALLER,350,351,64,160,INVERSION,316,349,1.2920022010803223
1200_55_4,INSERTION_SMALLER,961,962,97,286,INVERSION,961,960,2.0664963722229004
1200_60_0,INSERTION_SMALLER,707,708,70,365,INSERTION_SMALLER,706,707,1.6491706371307373
1200_60_1,INSERTION_SMALLER,553,554,50,109,INSERTION_SMALLER,507,583,1.0785281658172607
1200_60_2,INSERTION_SMALLER,423,424,80,390,INSERTION_SMALLER,422,423,1.770937204360962
1200_60_3,INSERTION_SMALLER,625,626,53,204,TANDEM,623,587,1.1608984470367432
1200_60_4,INSERTION_SMALLER,887,888,63,290,INSERTION_SMALLER,886,887,1.3869152069091797
1200_65_0,INSERTION_SMALLER,795,796,46,204,TANDEM,793,762,1.0530376434326172
1200_65_1,INSERTION_SMALLER,856,857,83,282,INSERTION_SMALLER,808,855,1.872018814086914
1200_65_2,INSERTION_SMALLER,549,550,55,265,INSERTION_SMALLER,496,545,1.2618563175201416
1200_65_3,INSERTION_SMALLER,434,435,56,353,TANDEM,433,434,1.2760915756225586
1200_65_4,INSERTION_SMALLER,293,294,44,101,INSERTION_SMALLER,292,293,1.007868766784668
1200_70_0,INSERTION_SMALLER,284,285,48,381,TRANSLOCATION,239,0,1.2073016166687012
1200_70_1,INSERTION_SMALLER,953,954,51,260,INSERTION_SMALLER,952,953,1.2432241439819336
1200_70_2,INSERTION_SMALLER,405,406,40,131,TRANSLOCATION,405,0,0.9449877738952637
1200_70_3,INSERTION_SMALLER,637,638,55,218,INSERTION_SMALLER,634,638,1.3057432174682617
1200_70_4,INSERTION_SMALLER,320,321,45,310,INVERSION,320,334,1.1114017963409424
1200_75_0,INSERTION_SMALLER,620,621,48,168,INSERTION_SMALLER,611,619,1.1654906272888184
1200_75_1,INSERTION_SMALLER,825,826,49,315,INSERTION_SMALLER,765,824,1.2310206890106201
1200_75_2,INSERTION_SMALLER,862,863,47,292,INSERTION_SMALLER,861,862,1.1724598407745361
1200_75_3,INSERTION_SMALLER,729,730,43,266,TANDEM,776,731,1.08854079246521
1200_75_4,INSERTION_SMALLER,741,742,61,169,INSERTION_SMALLER,702,740,1.4881300926208496
1300_30_0,INSERTION_SMALLER,1132,1133,97,44,INSERTION_SMALLER,1131,1132,1.6408944129943848
1300_30_1,INSERTION_SMALLER,717,718,163,350,INSERTION_SMALLER,716,717,2.9005537033081055
1300_30_2,INSERTION_SMALLER,688,689,142,424,TANDEM,687,688,2.580275058746338
1300_30_3,INSERTION_SMALLER,729,730,113,305,INSERTION_SMALLER,728,729,2.0338690280914307
1300_30_4,INSERTION_SMALLER,254,255,161,268,TANDEM,253,255,2.849419116973877
1300_35_0,INSERTION_SMALLER,385,386,97,73,INSERTION_SMALLER,383,385,1.7296884059906006
1300_35_1,INSERTION_SMALLER,684,685,84,221,DELETION,687,683,1.5471184253692627
1300_35_2,INSERTION_SMALLER,603,604,181,353,INSERTION_SMALLER,586,601,3.454948902130127
1300_35_3,INSERTION_SMALLER,270,271,99,254,INSERTION_SMALLER,269,271,1.8615224361419678
1300_35_4,INSERTION_SMALLER,730,731,179,404,TANDEM,728,731,3.367770195007324
1300_40_0,INSERTION_SMALLER,761,762,132,410,INSERTION_SMALLER,735,759,2.7328569889068604
1300_40_1,INSERTION_SMALLER,1110,1111,89,203,INSERTION_SMALLER,1083,1109,1.7729473114013672
1300_40_2,INSERTION_SMALLER,394,395,73,223,TRANSLOCATION,366,0,1.4608652591705322
1300_40_3,INSERTION_SMALLER,356,357,76,315,INSERTION_SMALLER,329,373,1.526853322982788
1300_40_4,INSERTION_SMALLER,794,795,103,231,INSERTION_SMALLER,755,793,2.035224676132202
1300_45_0,INSERTION_SMALLER,837,838,80,218,INSERTION_SMALLER,813,836,1.6622095108032227
1300_45_1,INSERTION_SMALLER,1097,1098,82,150,INSERTION_SMALLER,1096,1098,1.7044146060943604
1300_45_2,INSERTION_SMALLER,686,687,89,175,TANDEM,685,688,1.834864854812622
1300_45_3,INSERTION_SMALLER,178,179,78,414,INSERTION_SMALLER,177,178,1.6879291534423828
1300_45_4,INSERTION_SMALLER,820,821,108,301,TANDEM,819,822,2.3425161838531494
1300_50_0,INSERTION_SMALLER,230,231,60,170,INSERTION_SMALLER,208,229,1.3407366275787354
1300_50_1,INSERTION_SMALLER,587,588,99,425,INSERTION_SMALLER,587,609,2.2306721210479736
1300_50_2,INSERTION_SMALLER,337,338,79,353,TANDEM,335,337,1.8582003116607666
1300_50_3,INSERTION_SMALLER,645,646,65,343,INVERSION,600,643,1.4795451164245605
1300_50_4,INSERTION_SMALLER,644,645,103,309,INSERTION_SMALLER,625,685,2.3174068927764893
1300_55_0,INSERTION_SMALLER,536,537,83,353,INSERTION_SMALLER,484,533,1.9573755264282227
1300_55_1,INSERTION_SMALLER,498,499,77,118,INSERTION_SMALLER,458,500,1.7721278667449951
1300_55_2,INSERTION_SMALLER,836,837,83,260,INSERTION_SMALLER,836,867,1.9358532428741455
1300_55_3,INSERTION_SMALLER,426,427,86,392,INSERTION_SMALLER,425,426,2.0522263050079346
1300_55_4,INSERTION_SMALLER,482,483,67,310,TRANSLOCATION,454,0,1.5863969326019287
1300_60_0,INSERTION_SMALLER,1007,1008,48,178,INVERSION,1008,1022,1.2039363384246826
1300_60_1,INSERTION_SMALLER,433,434,64,98,TANDEM,432,433,1.5320193767547607
1300_60_2,INSERTION_SMALLER,910,911,59,269,INSERTION_SMALLER,907,910,1.478837490081787
1300_60_3,INSERTION_SMALLER,404,405,66,397,INSERTION_SMALLER,396,403,1.710099458694458
1300_60_4,INSERTION_SMALLER,486,487,61,428,INVERSION,487,485,1.5481986999511719
1300_65_0,INSERTION_SMALLER,963,964,60,350,TANDEM,1007,947,1.599799633026123
1300_65_1,INSERTION_SMALLER,847,848,65,373,TANDEM,884,816,1.7167227268218994
1300_65_2,INSERTION_SMALLER,989,990,45,152,TRANSLOCATION,949,0,1.126744270324707
1300_65_3,INSERTION_SMALLER,1065,1066,57,397,INSERTION_SMALLER,1065,1097,1.4925034046173096
1300_65_4,INSERTION_SMALLER,978,979,63,405,INSERTION_SMALLER,979,1014,1.6420693397521973
1300_70_0,INSERTION_SMALLER,753,754,51,130,INSERTION_SMALLER,701,751,1.357795000076294
1300_70_1,INSERTION_SMALLER,1006,1007,52,364,TANDEM,1005,987,1.399188756942749
1300_70_2,INSERTION_SMALLER,347,348,41,164,INSERTION_SMALLER,319,346,1.094900131225586
1300_70_3,INSERTION_SMALLER,367,368,51,111,INSERTION_SMALLER,369,423,1.3410780429840088
1300_70_4,INSERTION_SMALLER,437,438,43,151,INSERTION_SMALLER,435,437,1.1459553241729736
1300_75_0,INSERTION_SMALLER,334,335,41,323,INSERTION_SMALLER,334,341,1.1714692115783691
1300_75_1,INSERTION_SMALLER,914,915,54,239,INSERTION_SMALLER,913,914,1.5182480812072754
1300_75_2,INSERTION_SMALLER,888,889,47,380,TRANSLOCATION,887,0,1.3173117637634277
1300_75_3,INSERTION_SMALLER,853,854,43,111,INSERTION_BIGGER,814,897,1.1790578365325928
1300_75_4,INSERTION_SMALLER,533,534,44,296,INSERTION_SMALLER,484,531,1.2627754211425781
1400_30_0,INSERTION_SMALLER,734,735,141,350,INSERTION_SMALLER,734,739,2.8336970806121826
1400_30_1,INSERTION_SMALLER,659,660,113,243,INSERTION_SMALLER,658,659,2.1938841342926025
1400_30_2,INSERTION_SMALLER,956,957,122,307,TRANSLOCATION,956,0,2.4270126819610596
1400_30_3,INSERTION_SMALLER,778,779,107,149,INSERTION_SMALLER,761,781,2.0458476543426514
1400_30_4,INSERTION_SMALLER,464,465,149,442,DELETION,464,480,3.0383286476135254
1400_35_0,INSERTION_SMALLER,296,297,100,124,DELETION,296,295,2.027174472808838
1400_35_1,INSERTION_SMALLER,498,499,142,224,INVERSION,498,497,2.9726059436798096
1400_35_2,INSERTION_SMALLER,1178,1179,158,285,INSERTION_SMALLER,1177,1178,3.3007378578186035
1400_35_3,INSERTION_SMALLER,602,603,97,323,INSERTION_SMALLER,603,611,2.0608110427856445
1400_35_4,INSERTION_SMALLER,217,218,107,221,TANDEM,224,217,2.236035108566284
1400_40_0,INSERTION_SMALLER,990,991,113,428,INSERTION_SMALLER,989,990,2.611339569091797
1400_40_1,INSERTION_SMALLER,166,167,110,193,INSERTION_SMALLER,166,173,2.429051637649536
1400_40_2,INSERTION_SMALLER,1186,1187,83,427,TANDEM,1185,1186,1.907829761505127
1400_40_3,INSERTION_SMALLER,721,722,113,330,INSERTION_SMALLER,721,752,2.5966529846191406
1400_40_4,INSERTION_SMALLER,539,540,79,186,TANDEM,538,540,1.7802605628967285
1400_45_0,INSERTION_SMALLER,641,642,84,407,DELETION,605,640,2.028773069381714
1400_45_1,INSERTION_SMALLER,1016,1017,74,77,INSERTION_SMALLER,1017,1050,1.6742231845855713
1400_45_2,INSERTION_SMALLER,1190,1191,99,245,INSERTION_SMALLER,1179,1189,2.422868490219116
1400_45_3,INSERTION_SMALLER,904,905,84,192,TANDEM,903,870,1.9679605960845947
1400_45_4,INSERTION_SMALLER,761,762,137,425,INSERTION_SMALLER,761,780,3.3860726356506348
1400_50_0,INSERTION_SMALLER,818,819,80,72,INSERTION_BIGGER,819,840,1.9475674629211426
1400_50_1,INSERTION_SMALLER,250,251,68,89,INSERTION_BIGGER,249,250,1.6815366744995117
1400_50_2,INSERTION_SMALLER,709,710,80,425,INSERTION_SMALLER,710,744,2.0749754905700684
1400_50_3,INSERTION_SMALLER,1016,1017,86,320,INSERTION_SMALLER,1003,1046,2.1767876148223877
1400_50_4,INSERTION_SMALLER,1072,1073,91,200,INSERTION_SMALLER,1071,1072,2.235004186630249
1400_55_0,INSERTION_SMALLER,1057,1058,69,187,INSERTION_SMALLER,1055,1057,1.816957712173462
1400_55_1,INSERTION_SMALLER,923,924,84,458,INSERTION_SMALLER,922,923,2.3002028465270996
1400_55_2,INSERTION_SMALLER,785,786,99,419,INSERTION_SMALLER,784,785,2.704876661300659
1400_55_3,INSERTION_SMALLER,890,891,75,413,INVERSION,890,913,2.004629135131836
1400_55_4,INSERTION_SMALLER,542,543,71,367,INVERSION,543,540,1.937781810760498
1400_60_0,INSERTION_SMALLER,408,409,75,416,INSERTION_SMALLER,398,407,2.1643898487091064
1400_60_1,INSERTION_SMALLER,257,258,65,456,TANDEM,303,258,1.8997859954833984
1400_60_2,INSERTION_SMALLER,848,849,70,297,TANDEM,847,797,1.9668073654174805
1400_60_3,INSERTION_SMALLER,544,545,53,337,INSERTION_SMALLER,543,544,1.487989902496338
1400_60_4,INSERTION_SMALLER,523,524,64,395,INSERTION_SMALLER,516,522,1.8529784679412842
1400_65_0,INSERTION_SMALLER,836,837,74,411,DELETION,832,835,2.2220609188079834
1400_65_1,INSERTION_SMALLER,776,777,51,385,INSERTION_SMALLER,777,784,1.5439784526824951
1400_65_2,INSERTION_SMALLER,367,368,47,138,INSERTION_BIGGER,370,372,1.3529751300811768
1400_65_3,INSERTION_SMALLER,742,743,64,144,INSERTION_SMALLER,742,758,1.818760871887207
1400_65_4,INSERTION_SMALLER,593,594,41,308,INSERTION_SMALLER,592,593,1.2265839576721191
1400_70_0,INSERTION_SMALLER,338,339,64,255,INSERTION_SMALLER,337,338,1.9946417808532715
1400_70_1,INSERTION_SMALLER,519,520,50,204,TANDEM,518,520,1.514836311340332
1400_70_2,INSERTION_SMALLER,957,958,53,249,INSERTION_SMALLER,908,956,1.6103577613830566
1400_70_3,INSERTION_SMALLER,969,970,64,309,INVERSION,904,986,2.0073983669281006
1400_70_4,INSERTION_SMALLER,880,881,50,327,INSERTION_SMALLER,879,880,1.526601791381836
1400_75_0,INSERTION_SMALLER,346,347,60,215,INSERTION_SMALLER,345,346,2.0104761123657227
1400_75_1,INSERTION_SMALLER,1023,1024,63,460,INSERTION_SMALLER,1006,1028,2.111125946044922
1400_75_2,INSERTION_SMALLER,1028,1029,40,270,INSERTION_SMALLER,1029,1060,1.287431240081787
1400_75_3,INSERTION_SMALLER,753,754,42,194,INSERTION_SMALLER,753,773,1.3560478687286377
1400_75_4,INSERTION_SMALLER,932,933,59,272,INSERTION_SMALLER,884,931,1.8933026790618896
1500_30_0,INSERTION_SMALLER,156,157,182,194,INSERTION_SMALLER,155,156,3.902153491973877
1500_30_1,INSERTION_SMALLER,730,731,111,142,INSERTION_SMALLER,729,730,2.381498098373413
1500_30_2,INSERTION_SMALLER,906,907,145,59,INSERTION_SMALLER,898,920,2.9846994876861572
1500_30_3,INSERTION_SMALLER,737,738,121,323,INSERTION_SMALLER,735,737,2.6653571128845215
1500_30_4,INSERTION_SMALLER,1157,1158,128,95,INSERTION_SMALLER,1158,1174,2.709955930709839
1500_35_0,INSERTION_SMALLER,320,321,81,102,TRANSLOCATION,312,0,1.8306496143341064
1500_35_1,INSERTION_SMALLER,168,169,103,117,INSERTION_SMALLER,166,168,2.3103888034820557
1500_35_2,INSERTION_SMALLER,907,908,110,214,INSERTION_SMALLER,906,908,2.53056001663208
1500_35_3,INSERTION_SMALLER,802,803,94,284,INVERSION,791,800,2.197362184524536
1500_35_4,INSERTION_SMALLER,395,396,103,280,INSERTION_SMALLER,1500,1500,2.4083597660064697
1500_40_0,INSERTION_SMALLER,518,519,109,312,INSERTION_SMALLER,517,519,2.699242353439331
1500_40_1,INSERTION_SMALLER,898,899,127,130,INSERTION_SMALLER,864,897,3.07842755317688
1500_40_2,INSERTION_SMALLER,841,842,78,101,INSERTION_SMALLER,840,842,1.8646376132965088
1500_40_3,INSERTION_SMALLER,554,555,117,152,TANDEM,553,528,2.8788716793060303
1500_40_4,INSERTION_SMALLER,1063,1064,84,295,TANDEM,1061,1063,2.076395034790039
1500_45_0,INSERTION_SMALLER,432,433,110,344,INSERTION_SMALLER,432,453,2.9343018531799316
1500_45_1,INSERTION_SMALLER,408,409,82,291,INSERTION_SMALLER,407,408,2.190274953842163
1500_45_2,INSERTION_SMALLER,580,581,83,375,TRANSLOCATION,579,0,2.268947124481201
1500_45_3,INSERTION_SMALLER,979,980,79,469,INSERTION_SMALLER,978,979,2.1313529014587402
1500_45_4,INSERTION_SMALLER,459,460,107,297,TANDEM,458,449,2.82790207862854
1500_50_0,INSERTION_SMALLER,1051,1052,98,450,TANDEM,1050,1028,2.788519859313965
1500_50_1,INSERTION_SMALLER,412,413,67,137,INSERTION_SMALLER,411,412,1.8472752571105957
1500_50_2,INSERTION_SMALLER,434,435,75,464,INVERSION,435,459,2.1724424362182617
1500_50_3,INSERTION_SMALLER,1115,1116,79,150,INSERTION_SMALLER,1066,1114,2.16048526763916
1500_50_4,INSERTION_SMALLER,193,194,76,204,INSERTION_SMALLER,192,193,2.141693115234375
1500_55_0,INSERTION_SMALLER,310,311,60,437,TRANSLOCATION,271,0,1.8465638160705566
1500_55_1,INSERTION_SMALLER,783,784,67,216,TANDEM,782,742,1.965099573135376
1500_55_2,INSERTION_SMALLER,411,412,63,218,INSERTION_SMALLER,410,412,1.8395490646362305
1500_55_3,INSERTION_SMALLER,800,801,59,467,INSERTION_SMALLER,800,806,1.756880760192871
1500_55_4,INSERTION_SMALLER,840,841,55,164,INSERTION_SMALLER,839,840,1.6221013069152832
1500_60_0,INSERTION_SMALLER,688,689,85,465,INSERTION_SMALLER,687,688,2.7466671466827393
1500_60_1,INSERTION_SMALLER,744,745,47,160,INSERTION_SMALLER,730,743,1.4289865493774414
1500_60_2,INSERTION_SMALLER,513,514,54,337,INSERTION_SMALLER,513,534,1.7101356983184814
1500_60_3,INSERTION_SMALLER,720,721,53,167,INSERTION_SMALLER,722,734,1.6413428783416748
1500_60_4,INSERTION_SMALLER,642,643,54,320,INSERTION_SMALLER,625,641,1.7186174392700195
1500_65_0,INSERTION_SMALLER,938,939,56,297,TANDEM,937,897,1.8167994022369385
1500_65_1,INSERTION_SMALLER,312,313,44,204,INSERTION_SMALLER,269,311,1.4277114868164062
1500_65_2,INSERTION_SMALLER,893,894,65,173,INSERTION_SMALLER,878,952,2.0835866928100586
1500_65_3,INSERTION_SMALLER,908,909,75,181,INSERTION_SMALLER,896,907,2.396019697189331
1500_65_4,INSERTION_SMALLER,982,983,70,211,TANDEM,981,982,2.23587703704834
1500_70_0,INSERTION_SMALLER,859,860,61,463,TANDEM,858,859,2.114109754562378
1500_70_1,INSERTION_SMALLER,1001,1002,38,162,TRANSLOCATION,1002,0,1.2879509925842285
1500_70_2,INSERTION_SMALLER,862,863,58,295,INSERTION_SMALLER,801,861,1.9739000797271729
1500_70_3,INSERTION_SMALLER,897,898,60,288,INSERTION_SMALLER,896,897,2.060917377471924
1500_70_4,INSERTION_SMALLER,818,819,64,260,INSERTION_SMALLER,817,818,2.181144952774048
1500_75_0,INSERTION_SMALLER,504,505,42,349,TANDEM,503,434,1.5212433338165283
1500_75_1,INSERTION_SMALLER,1074,1075,47,188,INSERTION_SMALLER,1074,1144,1.638737440109253
1500_75_2,INSERTION_SMALLER,855,856,50,456,INSERTION_SMALLER,855,858,1.8521151542663574
1500_75_3,INSERTION_SMALLER,668,669,46,418,TANDEM,667,633,1.6419212818145752
1500_75_4,INSERTION_SMALLER,904,905,41,246,TANDEM,903,830,1.452756404876709
1600_30_0,INSERTION_SMALLER,1123,1124,121,75,INSERTION_SMALLER,1121,1123,2.793696403503418
1600_30_1,INSERTION_SMALLER,1101,1102,140,56,INSERTION_SMALLER,1100,1102,3.218604564666748
1600_30_2,INSERTION_SMALLER,1371,1372,112,161,INSERTION_SMALLER,1371,1399,2.608246088027954
1600_30_3,INSERTION_SMALLER,1212,1213,99,83,TRANSLOCATION,1214,0,2.284818410873413
1600_30_4,INSERTION_SMALLER,738,739,124,59,INSERTION_SMALLER,712,736,2.86405611038208
1600_35_0,INSERTION_SMALLER,303,304,116,203,INSERTION_SMALLER,302,303,2.9224040508270264
1600_35_1,INSERTION_SMALLER,649,650,91,270,INSERTION_SMALLER,648,649,2.314971923828125
1600_35_2,INSERTION_SMALLER,240,241,119,203,TANDEM,238,238,3.0738186836242676
1600_35_3,INSERTION_SMALLER,1120,1121,103,458,TANDEM,1119,1120,2.6768651008605957
1600_35_4,INSERTION_SMALLER,1028,1029,143,362,TANDEM,1027,994,3.7593331336975098
1600_40_0,INSERTION_SMALLER,365,366,132,357,INSERTION_SMALLER,363,365,3.678006172180176
1600_40_1,INSERTION_SMALLER,1126,1127,86,221,INSERTION_SMALLER,1104,1125,2.368199586868286
1600_40_2,INSERTION_SMALLER,249,250,98,515,INSERTION_SMALLER,1600,1600,2.759901762008667
1600_40_3,INSERTION_SMALLER,1339,1340,115,455,TANDEM,1338,1339,3.2590677738189697
1600_40_4,INSERTION_SMALLER,417,418,103,429,INSERTION_SMALLER,416,417,2.9127469062805176
1600_45_0,INSERTION_SMALLER,1314,1315,116,513,INSERTION_SMALLER,1313,1314,3.472979784011841
1600_45_1,INSERTION_SMALLER,646,647,67,380,TANDEM,651,647,1.9721543788909912
1600_45_2,INSERTION_SMALLER,559,560,69,203,INSERTION_SMALLER,558,560,2.028998851776123
1600_45_3,INSERTION_SMALLER,871,872,100,333,INSERTION_SMALLER,826,908,2.969796657562256
1600_45_4,INSERTION_SMALLER,591,592,111,387,INSERTION_SMALLER,573,606,3.277806043624878
1600_50_0,INSERTION_SMALLER,1058,1059,79,325,INSERTION_SMALLER,1057,1058,2.43200945854187
1600_50_1,INSERTION_SMALLER,427,428,74,292,INSERTION_SMALLER,394,426,2.3301150798797607
1600_50_2,INSERTION_SMALLER,1162,1163,90,227,TANDEM,1160,1105,2.7397327423095703
1600_50_3,INSERTION_SMALLER,274,275,85,460,INVERSION,274,273,2.6863255500793457
1600_50_4,INSERTION_SMALLER,945,946,82,311,TANDEM,967,945,2.550230026245117
1600_55_0,INSERTION_SMALLER,1083,1084,51,111,INSERTION_SMALLER,1082,1084,1.6347956657409668
1600_55_1,INSERTION_SMALLER,751,752,57,89,INSERTION_BIGGER,751,768,1.816992998123169
1600_55_2,INSERTION_SMALLER,983,984,74,347,INVERSION,983,1025,2.4421918392181396
1600_55_3,INSERTION_SMALLER,448,449,61,202,TANDEM,448,449,1.9689640998840332
1600_55_4,INSERTION_SMALLER,545,546,77,523,INSERTION_SMALLER,539,544,2.6767263412475586
1600_60_0,INSERTION_SMALLER,1329,1330,61,245,INSERTION_SMALLER,1276,1328,2.072753429412842
1600_60_1,INSERTION_SMALLER,801,802,60,318,TANDEM,800,803,2.071265697479248
1600_60_2,INSERTION_SMALLER,370,371,78,384,INSERTION_SMALLER,368,370,2.729140043258667
1600_60_3,INSERTION_SMALLER,940,941,75,454,INVERSION,917,939,2.6720709800720215
1600_60_4,INSERTION_SMALLER,1328,1329,67,342,INSERTION_SMALLER,1300,1358,2.3316009044647217
1600_65_0,INSERTION_SMALLER,386,387,63,451,INSERTION_SMALLER,386,427,2.331092596054077
1600_65_1,INSERTION_SMALLER,609,610,55,445,TANDEM,608,559,2.037639856338501
1600_65_2,INSERTION_SMALLER,983,984,49,296,TANDEM,982,958,1.8067755699157715
1600_65_3,INSERTION_SMALLER,543,544,46,271,INSERTION_SMALLER,543,607,1.6958529949188232
1600_65_4,INSERTION_SMALLER,755,756,55,421,INSERTION_SMALLER,755,765,2.040717363357544
1600_70_0,INSERTION_SMALLER,793,794,43,346,INSERTION_SMALLER,779,792,1.6858928203582764
1600_70_1,INSERTION_SMALLER,673,674,48,437,INVERSION,673,672,1.882382869720459
1600_70_2,INSERTION_SMALLER,465,466,63,351,TANDEM,461,435,2.431730270385742
1600_70_3,INSERTION_SMALLER,750,751,65,417,INSERTION_SMALLER,749,750,2.562699556350708
1600_70_4,INSERTION_SMALLER,1164,1165,63,161,INSERTION_BIGGER,1136,1162,2.363884210586548
1600_75_0,INSERTION_SMALLER,924,925,63,464,TANDEM,923,924,2.5818026065826416
1600_75_1,INSERTION_SMALLER,901,902,64,397,INSERTION_SMALLER,887,899,2.574246406555176
1600_75_2,INSERTION_SMALLER,997,998,46,205,INSERTION_SMALLER,997,1009,1.8076727390289307
1600_75_3,INSERTION_SMALLER,382,383,41,155,INSERTION_SMALLER,342,381,1.6439578533172607
1600_75_4,INSERTION_SMALLER,845,846,47,283,TANDEM,845,845,1.8784511089324951
1700_30_0,INSERTION_SMALLER,1089,1090,125,515,INSERTION_SMALLER,1082,1088,3.3936471939086914
1700_30_1,INSERTION_SMALLER,1386,1387,158,71,INSERTION_SMALLER,1385,1386,3.9775168895721436
1700_30_2,INSERTION_SMALLER,910,911,126,273,INSERTION_SMALLER,909,910,3.3349556922912598
1700_30_3,INSERTION_SMALLER,715,716,121,498,TANDEM,714,682,3.2941226959228516
1700_30_4,INSERTION_SMALLER,1021,1022,138,535,TRANSLOCATION,1037,0,3.742794990539551
1700_35_0,INSERTION_SMALLER,1063,1064,124,323,TANDEM,1062,1063,3.5079257488250732
1700_35_1,INSERTION_SMALLER,659,660,98,401,INSERTION_SMALLER,658,659,2.7488160133361816
1700_35_2,INSERTION_SMALLER,963,964,103,160,TANDEM,962,963,2.8487329483032227
1700_35_3,INSERTION_SMALLER,1236,1237,99,189,INSERTION_SMALLER,1203,1237,2.766517162322998
1700_35_4,INSERTION_SMALLER,1136,1137,126,433,INSERTION_SMALLER,1114,1135,3.5606446266174316
1700_40_0,INSERTION_SMALLER,367,368,114,159,INSERTION_SMALLER,334,366,3.4325735569000244
1700_40_1,INSERTION_SMALLER,673,674,89,151,INSERTION_SMALLER,671,673,2.655752420425415
1700_40_2,INSERTION_SMALLER,1170,1171,67,242,TANDEM,1200,1171,2.0255517959594727
1700_40_3,INSERTION_SMALLER,352,353,103,279,INSERTION_SMALLER,351,352,3.177246570587158
1700_40_4,INSERTION_SMALLER,757,758,130,492,TANDEM,757,759,3.9867851734161377
1700_45_0,INSERTION_SMALLER,384,385,90,414,TANDEM,383,384,3.01069712638855
1700_45_1,INSERTION_SMALLER,1216,1217,61,90,INSERTION_SMALLER,1186,1256,1.9332826137542725
1700_45_2,INSERTION_SMALLER,899,900,83,197,INSERTION_SMALLER,875,898,2.668769121170044
1700_45_3,INSERTION_SMALLER,1401,1402,88,214,DELETION,1401,1399,2.825376510620117
1700_45_4,INSERTION_SMALLER,1152,1153,89,407,TANDEM,1171,1125,2.911128282546997
1700_50_0,INSERTION_SMALLER,429,430,81,459,INSERTION_SMALLER,398,426,2.860090494155884
1700_50_1,INSERTION_SMALLER,1083,1084,82,392,TANDEM,1082,1064,2.865682601928711
1700_50_2,INSERTION_SMALLER,1373,1374,104,347,INSERTION_SMALLER,1319,1372,3.5824167728424072
1700_50_3,INSERTION_SMALLER,1085,1086,80,384,TRANSLOCATION,1117,0,2.7364587783813477
1700_50_4,INSERTION_SMALLER,657,658,60,159,TRANSLOCATION,656,0,2.038001775741577
1700_55_0,INSERTION_SMALLER,554,555,68,383,INSERTION_SMALLER,556,597,2.5403389930725098
1700_55_1,INSERTION_SMALLER,948,949,58,153,INSERTION_BIGGER,948,1002,2.0500731468200684
1700_55_2,INSERTION_SMALLER,802,803,72,247,INSERTION_SMALLER,801,802,2.6122887134552
1700_55_3,INSERTION_SMALLER,849,850,81,297,TANDEM,848,850,2.9512884616851807
1700_55_4,INSERTION_SMALLER,348,349,62,340,INSERTION_SMALLER,345,349,2.2748360633850098
1700_60_0,INSERTION_SMALLER,788,789,64,271,INSERTION_SMALLER,788,808,2.454300880432129
1700_60_1,INSERTION_SMALLER,1032,1033,58,169,INSERTION_SMALLER,1031,1032,2.2030117511749268
1700_60_2,INSERTION_SMALLER,1332,1333,61,346,INSERTION_SMALLER,1282,1386,2.363380193710327
1700_60_3,INSERTION_SMALLER,883,884,87,480,TANDEM,882,839,3.3853578567504883
1700_60_4,INSERTION_SMALLER,762,763,72,441,TRANSLOCATION,763,0,2.793755531311035
1700_65_0,INSERTION_SMALLER,733,734,72,359,INSERTION_SMALLER,673,782,2.945418357849121
1700_65_1,INSERTION_SMALLER,947,948,50,347,INSERTION_SMALLER,897,1007,2.035494565963745
1700_65_2,INSERTION_SMALLER,1267,1268,68,538,TANDEM,1297,1267,2.7922635078430176
1700_65_3,INSERTION_SMALLER,776,777,55,209,TANDEM,775,769,2.195845127105713
1700_65_4,INSERTION_SMALLER,976,977,60,238,INSERTION_SMALLER,958,1018,2.399989604949951
1700_70_0,INSERTION_SMALLER,770,771,44,300,INSERTION_SMALLER,770,803,1.8541078567504883
1700_70_1,INSERTION_SMALLER,525,526,43,196,TRANSLOCATION,524,0,1.7863900661468506
1700_70_2,INSERTION_SMALLER,754,755,40,391,INSERTION_SMALLER,754,828,1.7635152339935303
1700_70_3,INSERTION_SMALLER,1323,1324,56,369,INVERSION,1323,1336,2.3675520420074463
1700_70_4,INSERTION_SMALLER,756,757,52,458,INSERTION_SMALLER,703,755,2.2769060134887695
1700_75_0,INSERTION_SMALLER,1238,1239,47,177,INSERTION_SMALLER,1177,1237,2.0151684284210205
1700_75_1,INSERTION_SMALLER,1269,1270,33,159,INSERTION_BIGGER,1190,1328,1.4217422008514404
1700_75_2,INSERTION_SMALLER,654,655,72,542,TANDEM,653,579,3.284477472305298
1700_75_3,INSERTION_SMALLER,459,460,41,302,INSERTION_SMALLER,458,459,1.8308939933776855
1700_75_4,INSERTION_SMALLER,930,931,55,213,INSERTION_SMALLER,929,931,2.469909906387329
1800_30_0,INSERTION_SMALLER,164,165,192,547,INSERTION_SMALLER,163,164,5.6400556564331055
1800_30_1,INSERTION_SMALLER,729,730,120,181,INSERTION_SMALLER,703,728,3.5059268474578857
1800_30_2,INSERTION_SMALLER,771,772,160,554,INSERTION_SMALLER,769,812,4.772538661956787
1800_30_3,INSERTION_SMALLER,204,205,180,360,INSERTION_SMALLER,193,203,5.106326341629028
1800_30_4,INSERTION_SMALLER,646,647,116,395,INSERTION_SMALLER,645,646,3.3282392024993896
1800_35_0,INSERTION_SMALLER,1389,1390,111,517,TANDEM,1388,1390,3.442622184753418
1800_35_1,INSERTION_SMALLER,1122,1123,172,273,TANDEM,1121,1122,5.182983160018921
1800_35_2,INSERTION_SMALLER,1066,1067,101,355,INVERSION,1027,1063,3.1231608390808105
1800_35_3,INSERTION_SMALLER,1374,1375,92,334,TRANSLOCATION,1362,0,2.8768420219421387
1800_35_4,INSERTION_SMALLER,720,721,180,593,INSERTION_SMALLER,693,719,5.6773645877838135
1800_40_0,INSERTION_SMALLER,1491,1492,77,427,TRANSLOCATION,1450,0,2.5914876461029053
1800_40_1,INSERTION_SMALLER,784,785,101,194,INSERTION_SMALLER,783,785,3.333091974258423
1800_40_2,INSERTION_SMALLER,1094,1095,87,212,INSERTION_SMALLER,1093,1094,2.8381474018096924
1800_40_3,INSERTION_SMALLER,1428,1429,102,377,DELETION,1428,1453,3.3660049438476562
1800_40_4,INSERTION_SMALLER,321,322,117,494,INSERTION_SMALLER,321,356,3.9823951721191406
1800_45_0,INSERTION_SMALLER,1508,1509,72,251,INSERTION_SMALLER,1459,1507,2.538057804107666
1800_45_1,INSERTION_SMALLER,1273,1274,80,332,INSERTION_SMALLER,1272,1273,2.802731513977051
1800_45_2,INSERTION_SMALLER,461,462,85,550,TRANSLOCATION,515,0,3.219775676727295
1800_45_3,INSERTION_SMALLER,1409,1410,83,440,TANDEM,1407,1377,3.090648651123047
1800_45_4,INSERTION_SMALLER,1107,1108,119,590,TANDEM,1106,1107,4.306534051895142
1800_50_0,INSERTION_SMALLER,1183,1184,66,367,INSERTION_SMALLER,1130,1182,2.5468499660491943
1800_50_1,INSERTION_SMALLER,796,797,59,126,INSERTION_SMALLER,795,796,2.1643857955932617
1800_50_2,INSERTION_SMALLER,986,987,84,94,INSERTION_SMALLER,985,986,3.0633695125579834
1800_50_3,INSERTION_SMALLER,1043,1044,104,509,INSERTION_SMALLER,1022,1042,3.9782357215881348
1800_50_4,INSERTION_SMALLER,1203,1204,69,583,TANDEM,1202,1206,2.6822469234466553
1800_55_0,INSERTION_SMALLER,908,909,54,223,INVERSION,910,919,2.1631100177764893
1800_55_1,INSERTION_SMALLER,586,587,59,234,TANDEM,584,586,2.3386502265930176
1800_55_2,INSERTION_SMALLER,536,537,64,114,INSERTION_BIGGER,535,537,2.48397159576416
1800_55_3,INSERTION_SMALLER,1159,1160,84,427,INSERTION_SMALLER,1139,1158,3.414052963256836
1800_55_4,INSERTION_SMALLER,1333,1334,64,397,INSERTION_SMALLER,1331,1334,2.5753369331359863
1800_60_0,INSERTION_SMALLER,1025,1026,81,489,TANDEM,1069,967,3.535898447036743
1800_60_1,INSERTION_SMALLER,512,513,75,298,INSERTION_SMALLER,461,511,3.183469533920288
1800_60_2,INSERTION_SMALLER,1155,1156,75,246,TANDEM,1188,1098,3.098217487335205
1800_60_3,INSERTION_SMALLER,711,712,81,545,INVERSION,711,709,3.5497875213623047
1800_60_4,INSERTION_SMALLER,554,555,70,584,TANDEM,563,500,3.069927930831909
1800_65_0,INSERTION_SMALLER,1316,1317,57,451,INVERSION,1297,1315,2.5417473316192627
1800_65_1,INSERTION_SMALLER,931,932,75,537,INSERTION_SMALLER,885,929,3.448234796524048
1800_65_2,INSERTION_SMALLER,434,435,66,222,INSERTION_SMALLER,433,434,3.021104097366333
1800_65_3,INSERTION_SMALLER,502,503,56,486,TRANSLOCATION,509,0,2.6481380462646484
1800_65_4,INSERTION_SMALLER,1213,1214,53,403,INSERTION_SMALLER,1168,1227,2.3354034423828125
1800_70_0,INSERTION_SMALLER,685,686,43,373,TRANSLOCATION,683,0,2.012085437774658
1800_70_1,INSERTION_SMALLER,991,992,54,386,INSERTION_SMALLER,930,1041,2.5192253589630127
1800_70_2,INSERTION_SMALLER,1167,1168,57,292,INSERTION_SMALLER,1090,1166,2.6572442054748535
1800_70_3,INSERTION_SMALLER,1024,1025,64,576,INSERTION_SMALLER,949,1032,3.050433874130249
1800_70_4,INSERTION_SMALLER,1157,1158,41,192,TRANSLOCATION,1159,0,1.8527696132659912
1800_75_0,INSERTION_SMALLER,698,699,45,276,INSERTION_BIGGER,623,783,2.2095344066619873
1800_75_1,INSERTION_SMALLER,495,496,68,559,TANDEM,494,413,3.4403793811798096
1800_75_2,INSERTION_SMALLER,1269,1270,52,434,INSERTION_SMALLER,1201,1307,2.543016195297241
1800_75_3,INSERTION_SMALLER,1262,1263,36,386,INSERTION_SMALLER,1203,1261,1.7834253311157227
1800_75_4,INSERTION_SMALLER,1058,1059,38,449,INSERTION_SMALLER,1059,1139,1.8798282146453857
1900_30_0,INSERTION_SMALLER,720,721,158,323,TANDEM,719,703,4.935147762298584
1900_30_1,INSERTION_SMALLER,769,770,108,291,TRANSLOCATION,784,0,3.300858974456787
1900_30_2,INSERTION_SMALLER,1287,1288,132,458,TANDEM,1295,1287,4.15566086769104
1900_30_3,INSERTION_SMALLER,1698,1699,152,343,INSERTION_SMALLER,1699,1704,4.701705455780029
1900_30_4,INSERTION_SMALLER,1109,1110,164,436,INSERTION_SMALLER,1107,1109,5.133618116378784
1900_35_0,INSERTION_SMALLER,527,528,118,83,INSERTION_BIGGER,499,526,3.8207051753997803
1900_35_1,INSERTION_SMALLER,303,304,93,268,TANDEM,301,283,3.158719539642334
1900_35_2,INSERTION_SMALLER,1239,1240,107,461,INSERTION_SMALLER,1239,1282,3.701706647872925
1900_35_3,INSERTION_SMALLER,1463,1464,85,200,INVERSION,1464,1462,2.833094596862793
1900_35_4,INSERTION_SMALLER,304,305,109,386,INSERTION_SMALLER,302,305,3.661008834838867
1900_40_0,INSERTION_SMALLER,1382,1383,95,550,INSERTION_SMALLER,1382,1392,3.5232737064361572
1900_40_1,INSERTION_SMALLER,742,743,147,328,INSERTION_SMALLER,730,741,5.249627590179443
1900_40_2,INSERTION_SMALLER,1313,1314,85,261,TANDEM,1312,1312,3.054442882537842
1900_40_3,INSERTION_SMALLER,1518,1519,77,379,TANDEM,1517,1518,2.7610530853271484
1900_40_4,INSERTION_SMALLER,995,996,108,511,INSERTION_SMALLER,975,994,4.00857138633728
1900_45_0,INSERTION_SMALLER,718,719,92,94,INSERTION_SMALLER,706,717,3.441240072250366
1900_45_1,INSERTION_SMALLER,993,994,82,399,INSERTION_SMALLER,992,993,3.223790168762207
1900_45_2,INSERTION_SMALLER,539,540,83,193,INSERTION_SMALLER,538,540,3.1564736366271973
1900_45_3,INSERTION_SMALLER,1282,1283,86,329,TANDEM,1281,1258,3.2713518142700195
1900_45_4,INSERTION_SMALLER,810,811,69,113,TRANSLOCATION,808,0,2.5908896923065186
1900_50_0,INSERTION_SMALLER,871,872,117,556,INSERTION_SMALLER,870,871,4.976037263870239
1900_50_1,INSERTION_SMALLER,846,847,78,592,TRANSLOCATION,840,0,3.2465016841888428
1900_50_2,INSERTION_SMALLER,1294,1295,60,171,INSERTION_SMALLER,1251,1342,2.440480947494507
1900_50_3,INSERTION_SMALLER,1090,1091,77,110,INSERTION_SMALLER,1040,1139,3.124654769897461
1900_50_4,INSERTION_SMALLER,768,769,79,251,TANDEM,766,768,3.3228838443756104
1900_55_0,INSERTION_SMALLER,485,486,75,273,TANDEM,510,485,3.3628766536712646
1900_55_1,INSERTION_SMALLER,1555,1556,81,270,TANDEM,1589,1521,3.4534804821014404
1900_55_2,INSERTION_SMALLER,384,385,55,275,INSERTION_SMALLER,384,390,2.4050910472869873
1900_55_3,INSERTION_SMALLER,945,946,66,305,INSERTION_SMALLER,945,982,2.8415780067443848
1900_55_4,INSERTION_SMALLER,727,728,68,189,INSERTION_SMALLER,670,726,2.9181227684020996
1900_60_0,INSERTION_SMALLER,1177,1178,63,392,INVERSION,1178,1240,2.927109956741333
1900_60_1,INSERTION_SMALLER,513,514,66,496,TANDEM,512,513,3.149488925933838
1900_60_2,INSERTION_SMALLER,718,719,72,450,INVERSION,672,775,3.383281946182251
1900_60_3,INSERTION_SMALLER,658,659,45,188,INVERSION,658,657,2.037169933319092
1900_60_4,INSERTION_SMALLER,493,494,52,138,INSERTION_BIGGER,494,533,2.3485007286071777
1900_65_0,INSERTION_SMALLER,979,980,52,467,TANDEM,992,930,2.6042957305908203
1900_65_1,INSERTION_SMALLER,516,517,54,406,INSERTION_SMALLER,447,570,2.669801712036133
1900_65_2,INSERTION_SMALLER,724,725,47,493,INSERTION_SMALLER,724,757,2.3106181621551514
1900_65_3,INSERTION_SMALLER,503,504,64,274,TANDEM,502,504,3.0608463287353516
1900_65_4,INSERTION_SMALLER,1435,1436,49,526,INSERTION_SMALLER,1356,1434,2.4353272914886475
1900_70_0,INSERTION_SMALLER,1006,1007,45,210,INSERTION_BIGGER,1007,1007,2.269063711166382
1900_70_1,INSERTION_SMALLER,1280,1281,42,358,INSERTION_SMALLER,1238,1355,2.1569502353668213
1900_70_2,INSERTION_SMALLER,1370,1371,44,410,INSERTION_SMALLER,1368,1370,2.248610019683838
1900_70_3,INSERTION_SMALLER,814,815,54,345,INSERTION_SMALLER,726,841,2.790273666381836
1900_70_4,INSERTION_SMALLER,586,587,46,168,INSERTION_BIGGER,535,610,2.3019473552703857
1900_75_0,INSERTION_SMALLER,370,371,61,467,INSERTION_SMALLER,298,369,3.3553459644317627
1900_75_1,INSERTION_SMALLER,881,882,51,263,INSERTION_SMALLER,782,945,2.783170461654663
1900_75_2,INSERTION_SMALLER,1274,1275,38,265,INSERTION_SMALLER,1276,1291,2.103839635848999
1900_75_3,INSERTION_SMALLER,1042,1043,59,467,INSERTION_SMALLER,1005,1071,3.2301533222198486
1900_75_4,INSERTION_SMALLER,426,427,43,288,INSERTION_SMALLER,323,495,2.276301860809326
